model,phase,batch,point,operator,macs,bytes,intensity,compute_ms,memory_ms,latency_ms,bound
GPT-2,prefill,1,edge,Embedding,0,80342528,0.0000,0.0000,5.0214,5.0214,memory
GPT-2,prefill,1,edge,LayerNorm,59033600,39398400,1.4984,0.0295,2.4624,2.4624,memory
GPT-2,prefill,1,edge,Linear,63290867712,617818624,102.4425,31.6454,38.6137,38.6137,memory
GPT-2,prefill,1,edge,Softmax,188743680,150994944,1.2500,0.0944,9.4372,9.4372,memory
GPT-2,prefill,1,edge,GroupedQueryAttention,4869586944,188743680,25.8000,2.4348,11.7965,11.7965,memory
GPT-2,prefill,1,edge,GELU,169869312,75497472,2.2500,0.0849,4.7186,4.7186,memory
GPT-2,prefill,1,mid,Embedding,0,80342528,0.0000,0.0000,0.6277,0.6277,memory
GPT-2,prefill,1,mid,LayerNorm,59033600,39398400,1.4984,0.0037,0.3078,0.3078,memory
GPT-2,prefill,1,mid,Linear,63290867712,505358848,125.2395,3.9557,3.9481,3.9557,compute
GPT-2,prefill,1,mid,Softmax,188743680,150994944,1.2500,0.0118,1.1796,1.1796,memory
GPT-2,prefill,1,mid,GroupedQueryAttention,4869586944,188743680,25.8000,0.3043,1.4746,1.4746,memory
GPT-2,prefill,1,mid,GELU,169869312,75497472,2.2500,0.0106,0.5898,0.5898,memory
GPT-2,prefill,1,high,Embedding,0,80342528,0.0000,0.0000,0.1569,0.1569,memory
GPT-2,prefill,1,high,LayerNorm,59033600,39398400,1.4984,0.0009,0.0770,0.0770,memory
GPT-2,prefill,1,high,Linear,63290867712,505358848,125.2395,0.9889,0.9870,0.9889,compute
GPT-2,prefill,1,high,Softmax,188743680,150994944,1.2500,0.0029,0.2949,0.2949,memory
GPT-2,prefill,1,high,GroupedQueryAttention,4869586944,188743680,25.8000,0.0761,0.3686,0.3686,memory
GPT-2,prefill,1,high,GELU,169869312,75497472,2.2500,0.0027,0.1475,0.1475,memory
GPT-2,decode,1,edge,Embedding,0,78770692,0.0000,0.0000,4.9232,4.9232,memory
GPT-2,decode,1,edge,LayerNorm,115300,153600,0.7507,0.0001,0.0096,0.0096,memory
GPT-2,decode,1,edge,Linear,123614976,247788194,0.4989,0.0618,15.4868,15.4868,memory
GPT-2,decode,1,edge,Softmax,368640,294912,1.2500,0.0002,0.0184,0.0184,memory
GPT-2,decode,1,edge,GroupedQueryAttention,9510912,19206144,0.4952,0.0048,1.2004,1.2004,memory
GPT-2,decode,1,edge,GELU,331776,147456,2.2500,0.0002,0.0092,0.0092,memory
GPT-2,decode,1,mid,Embedding,0,78770692,0.0000,0.0000,0.6154,0.6154,memory
GPT-2,decode,1,mid,LayerNorm,115300,153600,0.7507,0.0000,0.0012,0.0012,memory
GPT-2,decode,1,mid,Linear,123614976,247568546,0.4993,0.0077,1.9341,1.9341,memory
GPT-2,decode,1,mid,Softmax,368640,294912,1.2500,0.0000,0.0023,0.0023,memory
GPT-2,decode,1,mid,GroupedQueryAttention,9510912,19206144,0.4952,0.0006,0.1500,0.1500,memory
GPT-2,decode,1,mid,GELU,331776,147456,2.2500,0.0000,0.0012,0.0012,memory
GPT-2,decode,1,high,Embedding,0,78770692,0.0000,0.0000,0.1538,0.1538,memory
GPT-2,decode,1,high,LayerNorm,115300,153600,0.7507,0.0000,0.0003,0.0003,memory
GPT-2,decode,1,high,Linear,123614976,247568546,0.4993,0.0019,0.4835,0.4835,memory
GPT-2,decode,1,high,Softmax,368640,294912,1.2500,0.0000,0.0006,0.0006,memory
GPT-2,decode,1,high,GroupedQueryAttention,9510912,19206144,0.4952,0.0001,0.0375,0.0375,memory
GPT-2,decode,1,high,GELU,331776,147456,2.2500,0.0000,0.0003,0.0003,memory
GPT-2,prefill,16,edge,Embedding,0,92154368,0.0000,0.0000,5.7596,5.7596,memory
GPT-2,prefill,16,edge,LayerNorm,944537600,629222400,1.5011,0.4723,39.3264,39.3264,memory
GPT-2,prefill,16,edge,Linear,1012653883392,8896841728,113.8217,506.3269,556.0526,556.0526,memory
GPT-2,prefill,16,edge,Softmax,3019898880,2415919104,1.2500,1.5099,150.9949,150.9949,memory
GPT-2,prefill,16,edge,GroupedQueryAttention,77913391104,3019898880,25.8000,38.9567,188.7437,188.7437,memory
GPT-2,prefill,16,edge,GELU,2717908992,1207959552,2.2500,1.3590,75.4975,75.4975,memory
GPT-2,prefill,16,mid,Embedding,0,92154368,0.0000,0.0000,0.7200,0.7200,memory
GPT-2,prefill,16,mid,LayerNorm,944537600,629222400,1.5011,0.0590,4.9158,4.9158,memory
GPT-2,prefill,16,mid,Linear,1012653883392,5615100928,180.3447,63.2909,43.8680,63.2909,compute
GPT-2,prefill,16,mid,Softmax,3019898880,2415919104,1.2500,0.1887,18.8744,18.8744,memory
GPT-2,prefill,16,mid,GroupedQueryAttention,77913391104,3019898880,25.8000,4.8696,23.5930,23.5930,memory
GPT-2,prefill,16,mid,GELU,2717908992,1207959552,2.2500,0.1699,9.4372,9.4372,memory
GPT-2,prefill,16,high,Embedding,0,92154368,0.0000,0.0000,0.1800,0.1800,memory
GPT-2,prefill,16,high,LayerNorm,944537600,629222400,1.5011,0.0148,1.2289,1.2289,memory
GPT-2,prefill,16,high,Linear,1012653883392,5615100928,180.3447,15.8227,10.9670,15.8227,compute
GPT-2,prefill,16,high,Softmax,3019898880,2415919104,1.2500,0.0472,4.7186,4.7186,memory
GPT-2,prefill,16,high,GroupedQueryAttention,77913391104,3019898880,25.8000,1.2174,5.8982,5.8982,memory
GPT-2,prefill,16,high,GELU,2717908992,1207959552,2.2500,0.0425,2.3593,2.3593,memory
GPT-2,decode,16,edge,Embedding,0,78793762,0.0000,0.0000,4.9246,4.9246,memory
GPT-2,decode,16,edge,LayerNorm,1844800,1305600,1.4130,0.0009,0.0816,0.0816,memory
GPT-2,decode,16,edge,Linear,1977839616,258650144,7.6468,0.9889,16.1656,16.1656,memory
GPT-2,decode,16,edge,Softmax,5898240,4718592,1.2500,0.0029,0.2949,0.2949,memory
GPT-2,decode,16,edge,GroupedQueryAttention,152174592,307298304,0.4952,0.0761,19.2061,19.2061,memory
GPT-2,decode,16,edge,GELU,5308416,2359296,2.2500,0.0027,0.1475,0.1475,memory
GPT-2,decode,16,mid,Embedding,0,78793762,0.0000,0.0000,0.6156,0.6156,memory
GPT-2,decode,16,mid,LayerNorm,1844800,1305600,1.4130,0.0001,0.0102,0.0102,memory
GPT-2,decode,16,mid,Linear,1977839616,255135776,7.7521,0.1236,1.9932,1.9932,memory
GPT-2,decode,16,mid,Softmax,5898240,4718592,1.2500,0.0004,0.0369,0.0369,memory
GPT-2,decode,16,mid,GroupedQueryAttention,152174592,307298304,0.4952,0.0095,2.4008,2.4008,memory
GPT-2,decode,16,mid,GELU,5308416,2359296,2.2500,0.0003,0.0184,0.0184,memory
GPT-2,decode,16,high,Embedding,0,78793762,0.0000,0.0000,0.1539,0.1539,memory
GPT-2,decode,16,high,LayerNorm,1844800,1305600,1.4130,0.0000,0.0026,0.0026,memory
GPT-2,decode,16,high,Linear,1977839616,255135776,7.7521,0.0309,0.4983,0.4983,memory
GPT-2,decode,16,high,Softmax,5898240,4718592,1.2500,0.0001,0.0092,0.0092,memory
GPT-2,decode,16,high,GroupedQueryAttention,152174592,307298304,0.4952,0.0024,0.6002,0.6002,memory
GPT-2,decode,16,high,GELU,5308416,2359296,2.2500,0.0001,0.0046,0.0046,memory
SmolLM2-135M,prefill,1,edge,Embedding,0,57213952,0.0000,0.0000,3.5759,3.5759,memory
SmolLM2-135M,prefill,1,edge,RotaryEmbedding,41369600,55182400,0.7497,0.0207,3.4489,3.4489,memory
SmolLM2-135M,prefill,1,edge,RMSNorm,72052224,72028800,1.0003,0.0360,4.5018,4.5018,memory
SmolLM2-135M,prefill,1,edge,Linear,68853694464,742785024,92.6967,34.4268,46.4241,46.4241,memory
SmolLM2-135M,prefill,1,edge,Softmax,353894400,283115520,1.2500,0.1769,17.6947,17.6947,memory
SmolLM2-135M,prefill,1,edge,GroupedQueryAttention,9130475520,353894400,25.8000,4.5652,22.1184,22.1184,memory
SmolLM2-135M,prefill,1,edge,SiLU,47185920,94371840,0.5000,0.0236,5.8982,5.8982,memory
SmolLM2-135M,prefill,1,mid,Embedding,0,57213952,0.0000,0.0000,0.4470,0.4470,memory
SmolLM2-135M,prefill,1,mid,RotaryEmbedding,41369600,55182400,0.7497,0.0026,0.4311,0.4311,memory
SmolLM2-135M,prefill,1,mid,RMSNorm,72052224,72028800,1.0003,0.0045,0.5627,0.5627,memory
SmolLM2-135M,prefill,1,mid,Linear,68853694464,687341568,100.1739,4.3034,5.3699,5.3699,memory
SmolLM2-135M,prefill,1,mid,Softmax,353894400,283115520,1.2500,0.0221,2.2118,2.2118,memory
SmolLM2-135M,prefill,1,mid,GroupedQueryAttention,9130475520,353894400,25.8000,0.5707,2.7648,2.7648,memory
SmolLM2-135M,prefill,1,mid,SiLU,47185920,94371840,0.5000,0.0029,0.7373,0.7373,memory
SmolLM2-135M,prefill,1,high,Embedding,0,57213952,0.0000,0.0000,0.1117,0.1117,memory
SmolLM2-135M,prefill,1,high,RotaryEmbedding,41369600,55182400,0.7497,0.0006,0.1078,0.1078,memory
SmolLM2-135M,prefill,1,high,RMSNorm,72052224,72028800,1.0003,0.0011,0.1407,0.1407,memory
SmolLM2-135M,prefill,1,high,Linear,68853694464,687341568,100.1739,1.0758,1.3425,1.3425,memory
SmolLM2-135M,prefill,1,high,Softmax,353894400,283115520,1.2500,0.0055,0.5530,0.5530,memory
SmolLM2-135M,prefill,1,high,GroupedQueryAttention,9130475520,353894400,25.8000,0.1427,0.6912,0.6912,memory
SmolLM2-135M,prefill,1,high,SiLU,47185920,94371840,0.5000,0.0007,0.1843,0.1843,memory
SmolLM2-135M,decode,1,edge,Embedding,0,56624258,0.0000,0.0000,3.5390,3.5390,memory
SmolLM2-135M,decode,1,edge,RotaryEmbedding,80800,107842,0.7492,0.0000,0.0067,0.0067,memory
SmolLM2-135M,decode,1,edge,RMSNorm,140727,210816,0.6675,0.0001,0.0132,0.0132,memory
SmolLM2-135M,decode,1,edge,Linear,134479872,269885184,0.4983,0.0672,16.8678,16.8678,memory
SmolLM2-135M,decode,1,edge,Softmax,691200,552960,1.2500,0.0003,0.0346,0.0346,memory
SmolLM2-135M,decode,1,edge,GroupedQueryAttention,17832960,36011520,0.4952,0.0089,2.2507,2.2507,memory
SmolLM2-135M,decode,1,edge,SiLU,92160,184320,0.5000,0.0000,0.0115,0.0115,memory
SmolLM2-135M,decode,1,mid,Embedding,0,56624258,0.0000,0.0000,0.4424,0.4424,memory
SmolLM2-135M,decode,1,mid,RotaryEmbedding,80800,107842,0.7492,0.0000,0.0008,0.0008,memory
SmolLM2-135M,decode,1,mid,RMSNorm,140727,210816,0.6675,0.0000,0.0016,0.0016,memory
SmolLM2-135M,decode,1,mid,Linear,134479872,269776896,0.4985,0.0084,2.1076,2.1076,memory
SmolLM2-135M,decode,1,mid,Softmax,691200,552960,1.2500,0.0000,0.0043,0.0043,memory
SmolLM2-135M,decode,1,mid,GroupedQueryAttention,17832960,36011520,0.4952,0.0011,0.2813,0.2813,memory
SmolLM2-135M,decode,1,mid,SiLU,92160,184320,0.5000,0.0000,0.0014,0.0014,memory
SmolLM2-135M,decode,1,high,Embedding,0,56624258,0.0000,0.0000,0.1106,0.1106,memory
SmolLM2-135M,decode,1,high,RotaryEmbedding,80800,107842,0.7492,0.0000,0.0002,0.0002,memory
SmolLM2-135M,decode,1,high,RMSNorm,140727,210816,0.6675,0.0000,0.0004,0.0004,memory
SmolLM2-135M,decode,1,high,Linear,134479872,269776896,0.4985,0.0021,0.5269,0.5269,memory
SmolLM2-135M,decode,1,high,Softmax,691200,552960,1.2500,0.0000,0.0011,0.0011,memory
SmolLM2-135M,decode,1,high,GroupedQueryAttention,17832960,36011520,0.4952,0.0003,0.0703,0.0703,memory
SmolLM2-135M,decode,1,high,SiLU,92160,184320,0.5000,0.0000,0.0004,0.0004,memory
SmolLM2-135M,prefill,16,edge,Embedding,0,66076672,0.0000,0.0000,4.1298,4.1298,memory
SmolLM2-135M,prefill,16,edge,RotaryEmbedding,660684800,762971200,0.8659,0.3303,47.6857,47.6857,memory
SmolLM2-135M,prefill,16,edge,RMSNorm,1152835584,1151406720,1.0012,0.5764,71.9629,71.9629,memory
SmolLM2-135M,prefill,16,edge,Linear,1101659111424,10808721408,101.9232,550.8296,675.5451,675.5451,memory
SmolLM2-135M,prefill,16,edge,Softmax,5662310400,4529848320,1.2500,2.8312,283.1155,283.1155,memory
SmolLM2-135M,prefill,16,edge,GroupedQueryAttention,146087608320,5662310400,25.8000,73.0438,353.8944,353.8944,memory
SmolLM2-135M,prefill,16,edge,SiLU,754974720,1509949440,0.5000,0.3775,94.3718,94.3718,memory
SmolLM2-135M,prefill,16,mid,Embedding,0,66076672,0.0000,0.0000,0.5162,0.5162,memory
SmolLM2-135M,prefill,16,mid,RotaryEmbedding,660684800,762971200,0.8659,0.0413,5.9607,5.9607,memory
SmolLM2-135M,prefill,16,mid,RMSNorm,1152835584,1151406720,1.0012,0.0721,8.9954,8.9954,memory
SmolLM2-135M,prefill,16,mid,Linear,1101659111424,8307867648,132.6043,68.8537,64.9052,68.8537,compute
SmolLM2-135M,prefill,16,mid,Softmax,5662310400,4529848320,1.2500,0.3539,35.3894,35.3894,memory
SmolLM2-135M,prefill,16,mid,GroupedQueryAttention,146087608320,5662310400,25.8000,9.1305,44.2368,44.2368,memory
SmolLM2-135M,prefill,16,mid,SiLU,754974720,1509949440,0.5000,0.0472,11.7965,11.7965,memory
SmolLM2-135M,prefill,16,high,Embedding,0,66076672,0.0000,0.0000,0.1291,0.1291,memory
SmolLM2-135M,prefill,16,high,RotaryEmbedding,660684800,762971200,0.8659,0.0103,1.4902,1.4902,memory
SmolLM2-135M,prefill,16,high,RMSNorm,1152835584,1151406720,1.0012,0.0180,2.2488,2.2488,memory
SmolLM2-135M,prefill,16,high,Linear,1101659111424,8307867648,132.6043,17.2134,16.2263,17.2134,compute
SmolLM2-135M,prefill,16,high,Softmax,5662310400,4529848320,1.2500,0.0885,8.8474,8.8474,memory
SmolLM2-135M,prefill,16,high,GroupedQueryAttention,146087608320,5662310400,25.8000,2.2826,11.0592,11.0592,memory
SmolLM2-135M,prefill,16,high,SiLU,754974720,1509949440,0.5000,0.0118,2.9491,2.9491,memory
SmolLM2-135M,decode,16,edge,Embedding,0,56641568,0.0000,0.0000,3.5401,3.5401,memory
SmolLM2-135M,decode,16,edge,RotaryEmbedding,1290400,1490242,0.8659,0.0006,0.0931,0.0931,memory
SmolLM2-135M,decode,16,edge,RMSNorm,2251632,2318976,0.9710,0.0011,0.1449,0.1449,memory
SmolLM2-135M,decode,16,edge,Linear,2151677952,283766784,7.5826,1.0758,17.7354,17.7354,memory
SmolLM2-135M,decode,16,edge,Softmax,11059200,8847360,1.2500,0.0055,0.5530,0.5530,memory
SmolLM2-135M,decode,16,edge,GroupedQueryAttention,285327360,576184320,0.4952,0.1427,36.0115,36.0115,memory
SmolLM2-135M,decode,16,edge,SiLU,1474560,2949120,0.5000,0.0007,0.1843,0.1843,memory
SmolLM2-135M,decode,16,mid,Embedding,0,56641568,0.0000,0.0000,0.4425,0.4425,memory
SmolLM2-135M,decode,16,mid,RotaryEmbedding,1290400,1490242,0.8659,0.0001,0.0116,0.0116,memory
SmolLM2-135M,decode,16,mid,RMSNorm,2251632,2318976,0.9710,0.0001,0.0181,0.0181,memory
SmolLM2-135M,decode,16,mid,Linear,2151677952,282034176,7.6291,0.1345,2.2034,2.2034,memory
SmolLM2-135M,decode,16,mid,Softmax,11059200,8847360,1.2500,0.0007,0.0691,0.0691,memory
SmolLM2-135M,decode,16,mid,GroupedQueryAttention,285327360,576184320,0.4952,0.0178,4.5014,4.5014,memory
SmolLM2-135M,decode,16,mid,SiLU,1474560,2949120,0.5000,0.0001,0.0230,0.0230,memory
SmolLM2-135M,decode,16,high,Embedding,0,56641568,0.0000,0.0000,0.1106,0.1106,memory
SmolLM2-135M,decode,16,high,RotaryEmbedding,1290400,1490242,0.8659,0.0000,0.0029,0.0029,memory
SmolLM2-135M,decode,16,high,RMSNorm,2251632,2318976,0.9710,0.0000,0.0045,0.0045,memory
SmolLM2-135M,decode,16,high,Linear,2151677952,282034176,7.6291,0.0336,0.5508,0.5508,memory
SmolLM2-135M,decode,16,high,Softmax,11059200,8847360,1.2500,0.0002,0.0173,0.0173,memory
SmolLM2-135M,decode,16,high,GroupedQueryAttention,285327360,576184320,0.4952,0.0045,1.1254,1.1254,memory
SmolLM2-135M,decode,16,high,SiLU,1474560,2949120,0.5000,0.0000,0.0058,0.0058,memory
GoogLeNet,image,1,edge,Conv2d,1497352192,41930688,35.7102,0.7487,2.6207,2.6207,memory
GoogLeNet,image,1,edge,BatchNorm2d,12919200,12962994,0.9966,0.0065,0.8102,0.8102,memory
GoogLeNet,image,1,edge,ReLU,3226160,12904640,0.2500,0.0016,0.8065,0.8065,memory
GoogLeNet,image,1,edge,MaxPool2d,12553408,8586368,1.4620,0.0063,0.5366,0.5366,memory
GoogLeNet,image,1,edge,AdaptiveAvgPool2d,51200,102400,0.5000,0.0000,0.0064,0.0064,memory
GoogLeNet,image,1,edge,Dropout,0,4096,0.0000,0.0000,0.0003,0.0003,memory
GoogLeNet,image,1,edge,Linear,1025000,2054096,0.4990,0.0005,0.1284,0.1284,memory
GoogLeNet,image,1,mid,Conv2d,1497352192,40314432,37.1418,0.0936,0.3150,0.3150,memory
GoogLeNet,image,1,mid,BatchNorm2d,12919200,12962994,0.9966,0.0008,0.1013,0.1013,memory
GoogLeNet,image,1,mid,ReLU,3226160,12904640,0.2500,0.0002,0.1008,0.1008,memory
GoogLeNet,image,1,mid,MaxPool2d,12553408,8586368,1.4620,0.0008,0.0671,0.0671,memory
GoogLeNet,image,1,mid,AdaptiveAvgPool2d,51200,102400,0.5000,0.0000,0.0008,0.0008,memory
GoogLeNet,image,1,mid,Dropout,0,4096,0.0000,0.0000,0.0000,0.0000,memory
GoogLeNet,image,1,mid,Linear,1025000,2052048,0.4995,0.0001,0.0160,0.0160,memory
GoogLeNet,image,1,high,Conv2d,1497352192,40314432,37.1418,0.0234,0.0787,0.0787,memory
GoogLeNet,image,1,high,BatchNorm2d,12919200,12962994,0.9966,0.0002,0.0253,0.0253,memory
GoogLeNet,image,1,high,ReLU,3226160,12904640,0.2500,0.0001,0.0252,0.0252,memory
GoogLeNet,image,1,high,MaxPool2d,12553408,8586368,1.4620,0.0002,0.0168,0.0168,memory
GoogLeNet,image,1,high,AdaptiveAvgPool2d,51200,102400,0.5000,0.0000,0.0002,0.0002,memory
GoogLeNet,image,1,high,Dropout,0,4096,0.0000,0.0000,0.0000,0.0000,memory
GoogLeNet,image,1,high,Linear,1025000,2052048,0.4995,0.0000,0.0040,0.0040,memory
GoogLeNet,image,8,edge,Conv2d,11978817536,268330112,44.6421,5.9894,16.7706,16.7706,memory
GoogLeNet,image,8,edge,BatchNorm2d,103251680,103295474,0.9996,0.0516,6.4560,6.4560,memory
GoogLeNet,image,8,edge,ReLU,25809280,103237120,0.2500,0.0129,6.4523,6.4523,memory
GoogLeNet,image,8,edge,MaxPool2d,100427264,68690944,1.4620,0.0502,4.2932,4.2932,memory
GoogLeNet,image,8,edge,AdaptiveAvgPool2d,409600,819200,0.5000,0.0002,0.0512,0.0512,memory
GoogLeNet,image,8,edge,Dropout,0,32768,0.0000,0.0000,0.0020,0.0020,memory
GoogLeNet,image,8,edge,Linear,8200000,2096768,3.9108,0.0041,0.1310,0.1310,memory
GoogLeNet,image,8,mid,Conv2d,11978817536,253888256,47.1815,0.7487,1.9835,1.9835,memory
GoogLeNet,image,8,mid,BatchNorm2d,103251680,103295474,0.9996,0.0065,0.8070,0.8070,memory
GoogLeNet,image,8,mid,ReLU,25809280,103237120,0.2500,0.0016,0.8065,0.8065,memory
GoogLeNet,image,8,mid,MaxPool2d,100427264,68690944,1.4620,0.0063,0.5366,0.5366,memory
GoogLeNet,image,8,mid,AdaptiveAvgPool2d,409600,819200,0.5000,0.0000,0.0064,0.0064,memory
GoogLeNet,image,8,mid,Dropout,0,32768,0.0000,0.0000,0.0003,0.0003,memory
GoogLeNet,image,8,mid,Linear,8200000,2080384,3.9416,0.0005,0.0163,0.0163,memory
GoogLeNet,image,8,high,Conv2d,11978817536,253888256,47.1815,0.1872,0.4959,0.4959,memory
GoogLeNet,image,8,high,BatchNorm2d,103251680,103295474,0.9996,0.0016,0.2017,0.2017,memory
GoogLeNet,image,8,high,ReLU,25809280,103237120,0.2500,0.0004,0.2016,0.2016,memory
GoogLeNet,image,8,high,MaxPool2d,100427264,68690944,1.4620,0.0016,0.1342,0.1342,memory
GoogLeNet,image,8,high,AdaptiveAvgPool2d,409600,819200,0.5000,0.0000,0.0016,0.0016,memory
GoogLeNet,image,8,high,Dropout,0,32768,0.0000,0.0000,0.0001,0.0001,memory
GoogLeNet,image,8,high,Linear,8200000,2080384,3.9416,0.0001,0.0041,0.0041,memory
ResNet-18,image,1,edge,Conv2d,1813561344,59227392,30.6203,0.9068,3.7017,3.7017,memory
ResNet-18,image,1,edge,BatchNorm2d,9944448,9973288,0.9971,0.0050,0.6233,0.6233,memory
ResNet-18,image,1,edge,ReLU,2308096,9232384,0.2500,0.0012,0.5770,0.5770,memory
ResNet-18,image,1,edge,MaxPool2d,1806336,2007040,0.9000,0.0009,0.1254,0.1254,memory
ResNet-18,image,1,edge,AdaptiveAvgPool2d,25600,51200,0.5000,0.0000,0.0032,0.0032,memory
ResNet-18,image,1,edge,Linear,513000,1028048,0.4990,0.0003,0.0643,0.0643,memory
ResNet-18,image,1,mid,Conv2d,1813561344,57419648,31.5843,0.1133,0.4486,0.4486,memory
ResNet-18,image,1,mid,BatchNorm2d,9944448,9973288,0.9971,0.0006,0.0779,0.0779,memory
ResNet-18,image,1,mid,ReLU,2308096,9232384,0.2500,0.0001,0.0721,0.0721,memory
ResNet-18,image,1,mid,MaxPool2d,1806336,2007040,0.9000,0.0001,0.0157,0.0157,memory
ResNet-18,image,1,mid,AdaptiveAvgPool2d,25600,51200,0.5000,0.0000,0.0004,0.0004,memory
ResNet-18,image,1,mid,Linear,513000,1027024,0.4995,0.0000,0.0080,0.0080,memory
ResNet-18,image,1,high,Conv2d,1813561344,57419648,31.5843,0.0283,0.1121,0.1121,memory
ResNet-18,image,1,high,BatchNorm2d,9944448,9973288,0.9971,0.0002,0.0195,0.0195,memory
ResNet-18,image,1,high,ReLU,2308096,9232384,0.2500,0.0000,0.0180,0.0180,memory
ResNet-18,image,1,high,MaxPool2d,1806336,2007040,0.9000,0.0000,0.0039,0.0039,memory
ResNet-18,image,1,high,AdaptiveAvgPool2d,25600,51200,0.5000,0.0000,0.0001,0.0001,memory
ResNet-18,image,1,high,Linear,513000,1027024,0.4995,0.0000,0.0020,0.0020,memory
ResNet-18,image,8,edge,Conv2d,14508490752,326498432,44.4366,7.2542,20.4062,20.4062,memory
ResNet-18,image,8,edge,BatchNorm2d,79488384,79517224,0.9996,0.0397,4.9698,4.9698,memory
ResNet-18,image,8,edge,ReLU,18464768,73859072,0.2500,0.0092,4.6162,4.6162,memory
ResNet-18,image,8,edge,MaxPool2d,14450688,16056320,0.9000,0.0072,1.0035,1.0035,memory
ResNet-18,image,8,edge,AdaptiveAvgPool2d,204800,409600,0.5000,0.0001,0.0256,0.0256,memory
ResNet-18,image,8,edge,Linear,4104000,1056384,3.8850,0.0021,0.0660,0.0660,memory
ResNet-18,image,8,mid,Conv2d,14508490752,311798016,46.5317,0.9068,2.4359,2.4359,memory
ResNet-18,image,8,mid,BatchNorm2d,79488384,79517224,0.9996,0.0050,0.6212,0.6212,memory
ResNet-18,image,8,mid,ReLU,18464768,73859072,0.2500,0.0012,0.5770,0.5770,memory
ResNet-18,image,8,mid,MaxPool2d,14450688,16056320,0.9000,0.0009,0.1254,0.1254,memory
ResNet-18,image,8,mid,AdaptiveAvgPool2d,204800,409600,0.5000,0.0000,0.0032,0.0032,memory
ResNet-18,image,8,mid,Linear,4104000,1048192,3.9153,0.0003,0.0082,0.0082,memory
ResNet-18,image,8,high,Conv2d,14508490752,311798016,46.5317,0.2267,0.6090,0.6090,memory
ResNet-18,image,8,high,BatchNorm2d,79488384,79517224,0.9996,0.0012,0.1553,0.1553,memory
ResNet-18,image,8,high,ReLU,18464768,73859072,0.2500,0.0003,0.1443,0.1443,memory
ResNet-18,image,8,high,MaxPool2d,14450688,16056320,0.9000,0.0002,0.0314,0.0314,memory
ResNet-18,image,8,high,AdaptiveAvgPool2d,204800,409600,0.5000,0.0000,0.0008,0.0008,memory
ResNet-18,image,8,high,Linear,4104000,1048192,3.9153,0.0001,0.0020,0.0020,memory
ResNet-34,image,1,edge,Conv2d,3663249408,106286336,34.4659,1.8316,6.6429,6.6429,memory
ResNet-34,image,1,edge,BatchNorm2d,14969472,15020616,0.9966,0.0075,0.9388,0.9388,memory
ResNet-34,image,1,edge,ReLU,3562496,14249984,0.2500,0.0018,0.8906,0.8906,memory
ResNet-34,image,1,edge,MaxPool2d,1806336,2007040,0.9000,0.0009,0.1254,0.1254,memory
ResNet-34,image,1,edge,AdaptiveAvgPool2d,25600,51200,0.5000,0.0000,0.0032,0.0032,memory
ResNet-34,image,1,edge,Linear,513000,1028048,0.4990,0.0003,0.0643,0.0643,memory
ResNet-34,image,1,mid,Conv2d,3663249408,103004032,35.5641,0.2290,0.8047,0.8047,memory
ResNet-34,image,1,mid,BatchNorm2d,14969472,15020616,0.9966,0.0009,0.1173,0.1173,memory
ResNet-34,image,1,mid,ReLU,3562496,14249984,0.2500,0.0002,0.1113,0.1113,memory
ResNet-34,image,1,mid,MaxPool2d,1806336,2007040,0.9000,0.0001,0.0157,0.0157,memory
ResNet-34,image,1,mid,AdaptiveAvgPool2d,25600,51200,0.5000,0.0000,0.0004,0.0004,memory
ResNet-34,image,1,mid,Linear,513000,1027024,0.4995,0.0000,0.0080,0.0080,memory
ResNet-34,image,1,high,Conv2d,3663249408,103004032,35.5641,0.0572,0.2012,0.2012,memory
ResNet-34,image,1,high,BatchNorm2d,14969472,15020616,0.9966,0.0002,0.0293,0.0293,memory
ResNet-34,image,1,high,ReLU,3562496,14249984,0.2500,0.0001,0.0278,0.0278,memory
ResNet-34,image,1,high,MaxPool2d,1806336,2007040,0.9000,0.0000,0.0039,0.0039,memory
ResNet-34,image,1,high,AdaptiveAvgPool2d,25600,51200,0.5000,0.0000,0.0001,0.0001,memory
ResNet-34,image,1,high,Linear,513000,1027024,0.4995,0.0000,0.0020,0.0020,memory
ResNet-34,image,8,edge,Conv2d,29305995264,580728960,50.4642,14.6530,36.2956,36.2956,memory
ResNet-34,image,8,edge,BatchNorm2d,119636608,119687752,0.9996,0.0598,7.4805,7.4805,memory
ResNet-34,image,8,edge,ReLU,28499968,113999872,0.2500,0.0142,7.1250,7.1250,memory
ResNet-34,image,8,edge,MaxPool2d,14450688,16056320,0.9000,0.0072,1.0035,1.0035,memory
ResNet-34,image,8,edge,AdaptiveAvgPool2d,204800,409600,0.5000,0.0001,0.0256,0.0256,memory
ResNet-34,image,8,edge,Linear,4104000,1056384,3.8850,0.0021,0.0660,0.0660,memory
ResNet-34,image,8,mid,Conv2d,29305995264,549366016,53.3451,1.8316,4.2919,4.2919,memory
ResNet-34,image,8,mid,BatchNorm2d,119636608,119687752,0.9996,0.0075,0.9351,0.9351,memory
ResNet-34,image,8,mid,ReLU,28499968,113999872,0.2500,0.0018,0.8906,0.8906,memory
ResNet-34,image,8,mid,MaxPool2d,14450688,16056320,0.9000,0.0009,0.1254,0.1254,memory
ResNet-34,image,8,mid,AdaptiveAvgPool2d,204800,409600,0.5000,0.0000,0.0032,0.0032,memory
ResNet-34,image,8,mid,Linear,4104000,1048192,3.9153,0.0003,0.0082,0.0082,memory
ResNet-34,image,8,high,Conv2d,29305995264,549366016,53.3451,0.4579,1.0730,1.0730,memory
ResNet-34,image,8,high,BatchNorm2d,119636608,119687752,0.9996,0.0019,0.2338,0.2338,memory
ResNet-34,image,8,high,ReLU,28499968,113999872,0.2500,0.0004,0.2227,0.2227,memory
ResNet-34,image,8,high,MaxPool2d,14450688,16056320,0.9000,0.0002,0.0314,0.0314,memory
ResNet-34,image,8,high,AdaptiveAvgPool2d,204800,409600,0.5000,0.0000,0.0008,0.0008,memory
ResNet-34,image,8,high,Linear,4104000,1048192,3.9153,0.0001,0.0020,0.0020,memory
ResNet-50,image,1,edge,Conv2d,4087136256,118977792,34.3521,2.0436,7.4361,7.4361,memory
ResNet-50,image,1,edge,BatchNorm2d,44509056,44668522,0.9964,0.0223,2.7918,2.7918,memory
ResNet-50,image,1,edge,ReLU,9608704,38434816,0.2500,0.0048,2.4022,2.4022,memory
ResNet-50,image,1,edge,MaxPool2d,1806336,2007040,0.9000,0.0009,0.1254,0.1254,memory
ResNet-50,image,1,edge,AdaptiveAvgPool2d,102400,204800,0.5000,0.0001,0.0128,0.0128,memory
ResNet-50,image,1,edge,Linear,2049000,4106192,0.4990,0.0010,0.2566,0.2566,memory
ResNet-50,image,1,mid,Conv2d,4087136256,114150272,35.8049,0.2554,0.8918,0.8918,memory
ResNet-50,image,1,mid,BatchNorm2d,44509056,44668522,0.9964,0.0028,0.3490,0.3490,memory
ResNet-50,image,1,mid,ReLU,9608704,38434816,0.2500,0.0006,0.3003,0.3003,memory
ResNet-50,image,1,mid,MaxPool2d,1806336,2007040,0.9000,0.0001,0.0157,0.0157,memory
ResNet-50,image,1,mid,AdaptiveAvgPool2d,102400,204800,0.5000,0.0000,0.0016,0.0016,memory
ResNet-50,image,1,mid,Linear,2049000,4102096,0.4995,0.0001,0.0320,0.0320,memory
ResNet-50,image,1,high,Conv2d,4087136256,114150272,35.8049,0.0639,0.2229,0.2229,memory
ResNet-50,image,1,high,BatchNorm2d,44509056,44668522,0.9964,0.0007,0.0872,0.0872,memory
ResNet-50,image,1,high,ReLU,9608704,38434816,0.2500,0.0002,0.0751,0.0751,memory
ResNet-50,image,1,high,MaxPool2d,1806336,2007040,0.9000,0.0000,0.0039,0.0039,memory
ResNet-50,image,1,high,AdaptiveAvgPool2d,102400,204800,0.5000,0.0000,0.0004,0.0004,memory
ResNet-50,image,1,high,Linear,2049000,4102096,0.4995,0.0000,0.0080,0.0080,memory
ResNet-50,image,8,edge,Conv2d,32697090048,654358656,49.9681,16.3485,40.8974,40.8974,memory
ResNet-50,image,8,edge,BatchNorm2d,355700608,355860074,0.9996,0.1779,22.2413,22.2413,memory
ResNet-50,image,8,edge,ReLU,76869632,307478528,0.2500,0.0384,19.2174,19.2174,memory
ResNet-50,image,8,edge,MaxPool2d,14450688,16056320,0.9000,0.0072,1.0035,1.0035,memory
ResNet-50,image,8,edge,AdaptiveAvgPool2d,819200,1638400,0.5000,0.0004,0.1024,0.1024,memory
ResNet-50,image,8,edge,Linear,16392000,4177536,3.9238,0.0082,0.2611,0.2611,memory
ResNet-50,image,8,mid,Conv2d,32697090048,610846976,53.5275,2.0436,4.7722,4.7722,memory
ResNet-50,image,8,mid,BatchNorm2d,355700608,355860074,0.9996,0.0222,2.7802,2.7802,memory
ResNet-50,image,8,mid,ReLU,76869632,307478528,0.2500,0.0048,2.4022,2.4022,memory
ResNet-50,image,8,mid,MaxPool2d,14450688,16056320,0.9000,0.0009,0.1254,0.1254,memory
ResNet-50,image,8,mid,AdaptiveAvgPool2d,819200,1638400,0.5000,0.0001,0.0128,0.0128,memory
ResNet-50,image,8,mid,Linear,16392000,4144768,3.9549,0.0010,0.0324,0.0324,memory
ResNet-50,image,8,high,Conv2d,32697090048,610846976,53.5275,0.5109,1.1931,1.1931,memory
ResNet-50,image,8,high,BatchNorm2d,355700608,355860074,0.9996,0.0056,0.6950,0.6950,memory
ResNet-50,image,8,high,ReLU,76869632,307478528,0.2500,0.0012,0.6005,0.6005,memory
ResNet-50,image,8,high,MaxPool2d,14450688,16056320,0.9000,0.0002,0.0314,0.0314,memory
ResNet-50,image,8,high,AdaptiveAvgPool2d,819200,1638400,0.5000,0.0000,0.0032,0.0032,memory
ResNet-50,image,8,high,Linear,16392000,4144768,3.9549,0.0003,0.0081,0.0081,memory
EfficientNet-B0,image,1,edge,Conv2d,384544092,35828976,10.7328,0.1923,2.2393,2.2393,memory
EfficientNet-B0,image,1,edge,BatchNorm2d,26992800,27118946,0.9953,0.0135,1.6949,1.6949,memory
EfficientNet-B0,image,1,edge,SiLU,12315832,24631664,0.5000,0.0062,1.5395,1.5395,memory
EfficientNet-B0,image,1,edge,AdaptiveAvgPool2d,2379488,4758976,0.5000,0.0012,0.2974,0.2974,memory
EfficientNet-B0,image,1,edge,Sigmoid,8960,35840,0.2500,0.0000,0.0022,0.0022,memory
EfficientNet-B0,image,1,edge,Dropout,0,5120,0.0000,0.0000,0.0003,0.0003,memory
EfficientNet-B0,image,1,edge,Linear,1281000,2567120,0.4990,0.0006,0.1604,0.1604,memory
EfficientNet-B0,image,1,mid,Conv2d,384544092,35549744,10.8171,0.0240,0.2777,0.2777,memory
EfficientNet-B0,image,1,mid,BatchNorm2d,26992800,27118946,0.9953,0.0017,0.2119,0.2119,memory
EfficientNet-B0,image,1,mid,SiLU,12315832,24631664,0.5000,0.0008,0.1924,0.1924,memory
EfficientNet-B0,image,1,mid,AdaptiveAvgPool2d,2379488,4758976,0.5000,0.0001,0.0372,0.0372,memory
EfficientNet-B0,image,1,mid,Sigmoid,8960,35840,0.2500,0.0000,0.0003,0.0003,memory
EfficientNet-B0,image,1,mid,Dropout,0,5120,0.0000,0.0000,0.0000,0.0000,memory
EfficientNet-B0,image,1,mid,Linear,1281000,2564560,0.4995,0.0001,0.0200,0.0200,memory
EfficientNet-B0,image,1,high,Conv2d,384544092,35549744,10.8171,0.0060,0.0694,0.0694,memory
EfficientNet-B0,image,1,high,BatchNorm2d,26992800,27118946,0.9953,0.0004,0.0530,0.0530,memory
EfficientNet-B0,image,1,high,SiLU,12315832,24631664,0.5000,0.0002,0.0481,0.0481,memory
EfficientNet-B0,image,1,high,AdaptiveAvgPool2d,2379488,4758976,0.5000,0.0000,0.0093,0.0093,memory
EfficientNet-B0,image,1,high,Sigmoid,8960,35840,0.2500,0.0000,0.0001,0.0001,memory
EfficientNet-B0,image,1,high,Dropout,0,5120,0.0000,0.0000,0.0000,0.0000,memory
EfficientNet-B0,image,1,high,Linear,1281000,2564560,0.4995,0.0000,0.0050,0.0050,memory
EfficientNet-B0,image,8,edge,Conv2d,3076352736,233872576,13.1540,1.5382,14.6170,14.6170,memory
EfficientNet-B0,image,8,edge,BatchNorm2d,215648288,215774434,0.9994,0.1078,13.4859,13.4859,memory
EfficientNet-B0,image,8,edge,SiLU,98526656,197053312,0.5000,0.0493,12.3158,12.3158,memory
EfficientNet-B0,image,8,edge,AdaptiveAvgPool2d,19035904,38071808,0.5000,0.0095,2.3795,2.3795,memory
EfficientNet-B0,image,8,edge,Sigmoid,71680,286720,0.2500,0.0000,0.0179,0.0179,memory
EfficientNet-B0,image,8,edge,Dropout,0,40960,0.0000,0.0000,0.0026,0.0026,memory
EfficientNet-B0,image,8,edge,Linear,10248000,2616960,3.9160,0.0051,0.1636,0.1636,memory
EfficientNet-B0,image,8,mid,Conv2d,3076352736,230624768,13.3392,0.1923,1.8018,1.8018,memory
EfficientNet-B0,image,8,mid,BatchNorm2d,215648288,215774434,0.9994,0.0135,1.6857,1.6857,memory
EfficientNet-B0,image,8,mid,SiLU,98526656,197053312,0.5000,0.0062,1.5395,1.5395,memory
EfficientNet-B0,image,8,mid,AdaptiveAvgPool2d,19035904,38071808,0.5000,0.0012,0.2974,0.2974,memory
EfficientNet-B0,image,8,mid,Sigmoid,71680,286720,0.2500,0.0000,0.0022,0.0022,memory
EfficientNet-B0,image,8,mid,Dropout,0,40960,0.0000,0.0000,0.0003,0.0003,memory
EfficientNet-B0,image,8,mid,Linear,10248000,2596480,3.9469,0.0006,0.0203,0.0203,memory
EfficientNet-B0,image,8,high,Conv2d,3076352736,230624768,13.3392,0.0481,0.4504,0.4504,memory
EfficientNet-B0,image,8,high,BatchNorm2d,215648288,215774434,0.9994,0.0034,0.4214,0.4214,memory
EfficientNet-B0,image,8,high,SiLU,98526656,197053312,0.5000,0.0015,0.3849,0.3849,memory
EfficientNet-B0,image,8,high,AdaptiveAvgPool2d,19035904,38071808,0.5000,0.0003,0.0744,0.0744,memory
EfficientNet-B0,image,8,high,Sigmoid,71680,286720,0.2500,0.0000,0.0006,0.0006,memory
EfficientNet-B0,image,8,high,Dropout,0,40960,0.0000,0.0000,0.0001,0.0001,memory
EfficientNet-B0,image,8,high,Linear,10248000,2596480,3.9469,0.0002,0.0051,0.0051,memory
EfficientNet-B1,image,1,edge,Conv2d,568385840,51405696,11.0569,0.2842,3.2129,3.2129,memory
EfficientNet-B1,image,1,edge,BatchNorm2d,37424352,37610634,0.9950,0.0187,2.3507,2.3507,memory
EfficientNet-B1,image,1,edge,SiLU,16781888,33563776,0.5000,0.0084,2.0977,2.0977,memory
EfficientNet-B1,image,1,edge,AdaptiveAvgPool2d,3600880,7201760,0.5000,0.0018,0.4501,0.4501,memory
EfficientNet-B1,image,1,edge,Sigmoid,13584,54336,0.2500,0.0000,0.0034,0.0034,memory
EfficientNet-B1,image,1,edge,Dropout,0,5120,0.0000,0.0000,0.0003,0.0003,memory
EfficientNet-B1,image,1,edge,Linear,1281000,2567120,0.4990,0.0006,0.1604,0.1604,memory
EfficientNet-B1,image,1,mid,Conv2d,568385840,51005376,11.1436,0.0355,0.3985,0.3985,memory
EfficientNet-B1,image,1,mid,BatchNorm2d,37424352,37610634,0.9950,0.0023,0.2938,0.2938,memory
EfficientNet-B1,image,1,mid,SiLU,16781888,33563776,0.5000,0.0010,0.2622,0.2622,memory
EfficientNet-B1,image,1,mid,AdaptiveAvgPool2d,3600880,7201760,0.5000,0.0002,0.0563,0.0563,memory
EfficientNet-B1,image,1,mid,Sigmoid,13584,54336,0.2500,0.0000,0.0004,0.0004,memory
EfficientNet-B1,image,1,mid,Dropout,0,5120,0.0000,0.0000,0.0000,0.0000,memory
EfficientNet-B1,image,1,mid,Linear,1281000,2564560,0.4995,0.0001,0.0200,0.0200,memory
EfficientNet-B1,image,1,high,Conv2d,568385840,51005376,11.1436,0.0089,0.0996,0.0996,memory
EfficientNet-B1,image,1,high,BatchNorm2d,37424352,37610634,0.9950,0.0006,0.0735,0.0735,memory
EfficientNet-B1,image,1,high,SiLU,16781888,33563776,0.5000,0.0003,0.0656,0.0656,memory
EfficientNet-B1,image,1,high,AdaptiveAvgPool2d,3600880,7201760,0.5000,0.0001,0.0141,0.0141,memory
EfficientNet-B1,image,1,high,Sigmoid,13584,54336,0.2500,0.0000,0.0001,0.0001,memory
EfficientNet-B1,image,1,high,Dropout,0,5120,0.0000,0.0000,0.0000,0.0000,memory
EfficientNet-B1,image,1,high,Linear,1281000,2564560,0.4995,0.0000,0.0050,0.0050,memory
EfficientNet-B1,image,8,edge,Conv2d,4547086720,324693344,14.0042,2.2735,20.2933,20.2933,memory
EfficientNet-B1,image,8,edge,BatchNorm2d,298960480,299146762,0.9994,0.1495,18.6967,18.6967,memory
EfficientNet-B1,image,8,edge,SiLU,134255104,268510208,0.5000,0.0671,16.7819,16.7819,memory
EfficientNet-B1,image,8,edge,AdaptiveAvgPool2d,28807040,57614080,0.5000,0.0144,3.6009,3.6009,memory
EfficientNet-B1,image,8,edge,Sigmoid,108672,434688,0.2500,0.0001,0.0272,0.0272,memory
EfficientNet-B1,image,8,edge,Dropout,0,40960,0.0000,0.0000,0.0026,0.0026,memory
EfficientNet-B1,image,8,edge,Linear,10248000,2616960,3.9160,0.0051,0.1636,0.1636,memory
EfficientNet-B1,image,8,mid,Conv2d,4547086720,320163488,14.2024,0.2842,2.5013,2.5013,memory
EfficientNet-B1,image,8,mid,BatchNorm2d,298960480,299146762,0.9994,0.0187,2.3371,2.3371,memory
EfficientNet-B1,image,8,mid,SiLU,134255104,268510208,0.5000,0.0084,2.0977,2.0977,memory
EfficientNet-B1,image,8,mid,AdaptiveAvgPool2d,28807040,57614080,0.5000,0.0018,0.4501,0.4501,memory
EfficientNet-B1,image,8,mid,Sigmoid,108672,434688,0.2500,0.0000,0.0034,0.0034,memory
EfficientNet-B1,image,8,mid,Dropout,0,40960,0.0000,0.0000,0.0003,0.0003,memory
EfficientNet-B1,image,8,mid,Linear,10248000,2596480,3.9469,0.0006,0.0203,0.0203,memory
EfficientNet-B1,image,8,high,Conv2d,4547086720,320163488,14.2024,0.0710,0.6253,0.6253,memory
EfficientNet-B1,image,8,high,BatchNorm2d,298960480,299146762,0.9994,0.0047,0.5843,0.5843,memory
EfficientNet-B1,image,8,high,SiLU,134255104,268510208,0.5000,0.0021,0.5244,0.5244,memory
EfficientNet-B1,image,8,high,AdaptiveAvgPool2d,28807040,57614080,0.5000,0.0005,0.1125,0.1125,memory
EfficientNet-B1,image,8,high,Sigmoid,108672,434688,0.2500,0.0000,0.0008,0.0008,memory
EfficientNet-B1,image,8,high,Dropout,0,40960,0.0000,0.0000,0.0001,0.0001,memory
EfficientNet-B1,image,8,high,Linear,10248000,2596480,3.9469,0.0002,0.0051,0.0051,memory
EfficientNet-B2,image,1,edge,Conv2d,657570850,55628432,11.8208,0.3288,3.4768,3.4768,memory
EfficientNet-B2,image,1,edge,BatchNorm2d,39236208,39439050,0.9949,0.0196,2.4649,2.4649,memory
EfficientNet-B2,image,1,edge,SiLU,17608324,35216648,0.5000,0.0088,2.2010,2.2010,memory
EfficientNet-B2,image,1,edge,AdaptiveAvgPool2d,3794288,7588576,0.5000,0.0019,0.4743,0.4743,memory
EfficientNet-B2,image,1,edge,Sigmoid,14784,59136,0.2500,0.0000,0.0037,0.0037,memory
EfficientNet-B2,image,1,edge,Dropout,0,5632,0.0000,0.0000,0.0004,0.0004,memory
EfficientNet-B2,image,1,edge,Linear,1409000,2823632,0.4990,0.0007,0.1765,0.1765,memory
EfficientNet-B2,image,1,mid,Conv2d,657570850,55169400,11.9191,0.0411,0.4310,0.4310,memory
EfficientNet-B2,image,1,mid,BatchNorm2d,39236208,39439050,0.9949,0.0025,0.3081,0.3081,memory
EfficientNet-B2,image,1,mid,SiLU,17608324,35216648,0.5000,0.0011,0.2751,0.2751,memory
EfficientNet-B2,image,1,mid,AdaptiveAvgPool2d,3794288,7588576,0.5000,0.0002,0.0593,0.0593,memory
EfficientNet-B2,image,1,mid,Sigmoid,14784,59136,0.2500,0.0000,0.0005,0.0005,memory
EfficientNet-B2,image,1,mid,Dropout,0,5632,0.0000,0.0000,0.0000,0.0000,memory
EfficientNet-B2,image,1,mid,Linear,1409000,2820816,0.4995,0.0001,0.0220,0.0220,memory
EfficientNet-B2,image,1,high,Conv2d,657570850,55169400,11.9191,0.0103,0.1078,0.1078,memory
EfficientNet-B2,image,1,high,BatchNorm2d,39236208,39439050,0.9949,0.0006,0.0770,0.0770,memory
EfficientNet-B2,image,1,high,SiLU,17608324,35216648,0.5000,0.0003,0.0688,0.0688,memory
EfficientNet-B2,image,1,high,AdaptiveAvgPool2d,3794288,7588576,0.5000,0.0001,0.0148,0.0148,memory
EfficientNet-B2,image,1,high,Sigmoid,14784,59136,0.2500,0.0000,0.0001,0.0001,memory
EfficientNet-B2,image,1,high,Dropout,0,5632,0.0000,0.0000,0.0000,0.0000,memory
EfficientNet-B2,image,1,high,Linear,1409000,2820816,0.4995,0.0000,0.0055,0.0055,memory
EfficientNet-B2,image,8,edge,Conv2d,5260566800,342541248,15.3575,2.6303,21.4088,21.4088,memory
EfficientNet-B2,image,8,edge,BatchNorm2d,313416688,313619530,0.9994,0.1567,19.6012,19.6012,memory
EfficientNet-B2,image,8,edge,SiLU,140866592,281733184,0.5000,0.0704,17.6083,17.6083,memory
EfficientNet-B2,image,8,edge,AdaptiveAvgPool2d,30354304,60708608,0.5000,0.0152,3.7943,3.7943,memory
EfficientNet-B2,image,8,edge,Sigmoid,118272,473088,0.2500,0.0001,0.0296,0.0296,memory
EfficientNet-B2,image,8,edge,Dropout,0,45056,0.0000,0.0000,0.0028,0.0028,memory
EfficientNet-B2,image,8,edge,Linear,11272000,2877056,3.9179,0.0056,0.1798,0.1798,memory
EfficientNet-B2,image,8,mid,Conv2d,5260566800,337419584,15.5906,0.3288,2.6361,2.6361,memory
EfficientNet-B2,image,8,mid,BatchNorm2d,313416688,313619530,0.9994,0.0196,2.4502,2.4502,memory
EfficientNet-B2,image,8,mid,SiLU,140866592,281733184,0.5000,0.0088,2.2010,2.2010,memory
EfficientNet-B2,image,8,mid,AdaptiveAvgPool2d,30354304,60708608,0.5000,0.0019,0.4743,0.4743,memory
EfficientNet-B2,image,8,mid,Sigmoid,118272,473088,0.2500,0.0000,0.0037,0.0037,memory
EfficientNet-B2,image,8,mid,Dropout,0,45056,0.0000,0.0000,0.0004,0.0004,memory
EfficientNet-B2,image,8,mid,Linear,11272000,2854528,3.9488,0.0007,0.0223,0.0223,memory
EfficientNet-B2,image,8,high,Conv2d,5260566800,337419584,15.5906,0.0822,0.6590,0.6590,memory
EfficientNet-B2,image,8,high,BatchNorm2d,313416688,313619530,0.9994,0.0049,0.6125,0.6125,memory
EfficientNet-B2,image,8,high,SiLU,140866592,281733184,0.5000,0.0022,0.5503,0.5503,memory
EfficientNet-B2,image,8,high,AdaptiveAvgPool2d,30354304,60708608,0.5000,0.0005,0.1186,0.1186,memory
EfficientNet-B2,image,8,high,Sigmoid,118272,473088,0.2500,0.0000,0.0009,0.0009,memory
EfficientNet-B2,image,8,high,Dropout,0,45056,0.0000,0.0000,0.0001,0.0001,memory
EfficientNet-B2,image,8,high,Linear,11272000,2854528,3.9488,0.0002,0.0056,0.0056,memory
