model,words,story
TinyStories-Instruct-1M,153,"Once upon a time, there was a little girl named Lily. She was three years old and loved to explore. One day, she found a kitten in the garden. The kitten was very cute and had a big smile.

Lily wanted to help the kitten, so she asked her mommy if she could help. Her mommy said yes and they went to the garden.

When they got to the garden, Lily saw a kitten. She was so happy and wanted to help. She ran to the kitten and said, ""Look, Mommy! The kitten is so cute!""

Her mommy smiled and said, ""Yes, it is. But you have to be careful and take care of it.""

Lily was so excited to see the kitten and said, ""I'm glad I found it!""

Her mommy smiled and said, ""That's great, Lily. You are very kind and kind.""

Lily smiled and said, ""I love you too, mommy."""
TinyStories-Instruct-3M,140,"Once upon a time there was a little girl named Lily. She was three years old and loved to explore the world around her. One day, she was walking in the garden when she saw something very strange. It was a kitten!

Lily was so excited and she ran to her mom. ""Mommy, look! A kitten!"" she said.

Her mom smiled and said, ""Yes, Lily. Let's take it home and take it home.""

Lily and her mom took the kitten home and put it in a special place. They took it home and put it in a special place.

The kitten was so happy to be back with its family. Lily was so happy to have found the kitten and she hugged it tightly.

The kitten purred and Lily smiled. She was so happy to have found a new friend."
TinyStories-Instruct-8M,169,"Once upon a time, there was a little girl named Lily. She was three years old and loved to explore. One day, she was walking in the garden when she saw something strange. It was a little kitten!

Lily was so excited that she ran to the kitten and said, ""Hi there! What's your name?""

The kitten meowed and Lily smiled. She said, ""My name is Lily. What's your name?""

The kitten meowed again and Lily said, ""My name is Lily. What's yours?""

The kitten meowed again and Lily said, ""My name is Emily. I'm so happy to meet you!""

Lily and Emily became the best of friends. They played together every day and had lots of fun.

One day, Lily said to Emily, ""I'm so glad you're here. I'm so glad I found you.""

Emily smiled and said, ""Me too! I'm so glad I found you.""

Lily and Emily were so happy to have each other. They were the best of friends and they were always happy together."
TinyStories-Instruct-28M,179,"Once upon a time, there was a little girl named Lily. She was three years old and loved to explore the world around her.

One day, Lily was playing in the garden when she saw something strange. It was a small, furry creature with big eyes. Lily was so excited and wanted to know what it was.

She asked her mom, ""Mommy, what is that?"" Her mom replied, ""That's a kitten, Lily. It's lost and needs help finding its mother.""

Lily was so happy to hear this. She wanted to help the kitten find its mother. She asked her mom, ""Can I help the kitten find its mother?"" Her mom smiled and said, ""Yes, you can help the kitten find its mother.""

So Lily and the kitten went on a search. They looked everywhere, but they couldn't find the mother. Finally, they found the mother cat. The kitten was so happy to see its mother again.

Lily was so proud that she had helped the kitten find its mother. She smiled and said, ""I'm so glad I could help."""
TinyStories-Instruct-33M,150,"Once upon a time, there was a little girl named Lily. She was three years old and loved to explore the world around her. One day, she was playing in the garden when she saw something strange. It was a small, furry animal. It was a kitten!

Lily was so excited. She ran to the kitten and said, ""Hi there! What's your name?""

The kitten looked up at her and meowed. Lily knew that the kitten was lost and needed help. She said, ""Don't worry, I'll help you find your mommy.""

Lily and the kitten looked all around the garden. They looked under the bushes and behind the trees. Finally, they found the kitten's mommy.

The mommy was so happy to see her little one. She said, ""Thank you for helping my kitten. You are so kind and compassionate.""

Lily smiled and said, ""You're welcome. I'm glad I could help."""
