model,phase,batch,length,operator,calls,macs,elements,fused_elements,bytes,fused_bytes,intensity,fused_intensity
GPT-2,prefill,1,128,Embedding,2,0,39580672,39580672,79161344,79161344,0.0000,0.0000
GPT-2,prefill,1,128,LayerNorm,25,14758400,4953600,4953600,9907200,9907200,1.4897,1.4897
GPT-2,prefill,1,128,Linear,49,15822716928,149020544,149020544,298041088,298041088,53.0890,53.0890
GPT-2,prefill,1,128,Softmax,12,11796480,4718592,0,9437184,0,1.2500,
GPT-2,prefill,1,128,GroupedQueryAttention,12,304349184,9437184,4718592,18874368,9437184,16.1250,32.2500
GPT-2,prefill,1,128,GELU,12,42467328,9437184,9437184,18874368,18874368,2.2500,2.2500
GPT-2,prefill,1,128,Total,112,16196088320,217147776,207710592,434295552,415421184,37.2928,38.9872
GPT-2,decode,1,128,Embedding,2,0,39385346,39385346,78770692,78770692,0.0000,0.0000
GPT-2,decode,1,128,LayerNorm,25,115300,76800,76800,153600,153600,0.7507,0.7507
GPT-2,decode,1,128,Linear,49,123614976,123813457,123813457,247626914,247626914,0.4992,0.4992
GPT-2,decode,1,128,Softmax,12,92160,36864,0,73728,0,1.2500,
GPT-2,decode,1,128,GroupedQueryAttention,12,2377728,2414592,2377728,4829184,4755456,0.4924,0.5000
GPT-2,decode,1,128,GELU,12,331776,73728,73728,147456,147456,2.2500,2.2500
GPT-2,decode,1,128,Total,112,126531940,165800787,165727059,331601574,331454118,0.3816,0.3817
GPT-2,prefill,1,512,Embedding,2,0,40171264,40171264,80342528,80342528,0.0000,0.0000
GPT-2,prefill,1,512,LayerNorm,25,59033600,19699200,19699200,39398400,39398400,1.4984,1.4984
GPT-2,prefill,1,512,Linear,49,63290867712,225237248,225237248,450474496,450474496,140.4982,140.4982
GPT-2,prefill,1,512,Softmax,12,188743680,75497472,0,150994944,0,1.2500,
GPT-2,prefill,1,512,GroupedQueryAttention,12,4869586944,94371840,18874368,188743680,37748736,25.8000,129.0000
GPT-2,prefill,1,512,GELU,12,169869312,37748736,37748736,75497472,75497472,2.2500,2.2500
GPT-2,prefill,1,512,Total,112,68578101248,492725760,341730816,985451520,683461632,69.5905,100.3394
GPT-2,decode,1,512,Embedding,2,0,39385346,39385346,78770692,78770692,0.0000,0.0000
GPT-2,decode,1,512,LayerNorm,25,115300,76800,76800,153600,153600,0.7507,0.7507
GPT-2,decode,1,512,Linear,49,123614976,123813457,123813457,247626914,247626914,0.4992,0.4992
GPT-2,decode,1,512,Softmax,12,368640,147456,0,294912,0,1.2500,
GPT-2,decode,1,512,GroupedQueryAttention,12,9510912,9603072,9455616,19206144,18911232,0.4952,0.5029
GPT-2,decode,1,512,GELU,12,331776,73728,73728,147456,147456,2.2500,2.2500
GPT-2,decode,1,512,Total,112,133941604,173099859,172804947,346199718,345609894,0.3869,0.3876
GPT-2,prefill,1,1024,Embedding,2,0,40958720,40958720,81917440,81917440,0.0000,0.0000
GPT-2,prefill,1,1024,LayerNorm,25,118067200,39360000,39360000,78720000,78720000,1.4998,1.4998
GPT-2,prefill,1,1024,Linear,49,126581735424,326859520,326859520,653719040,653719040,193.6332,193.6332
GPT-2,prefill,1,1024,Softmax,12,754974720,301989888,0,603979776,0,1.2500,
GPT-2,prefill,1,1024,GroupedQueryAttention,12,19478347776,339738624,37748736,679477248,75497472,28.6667,258.0000
GPT-2,prefill,1,1024,GELU,12,339738624,75497472,75497472,150994944,150994944,2.2500,2.2500
GPT-2,prefill,1,1024,Total,112,147272863744,1124404224,520424448,2248808448,1040848896,65.4893,141.4930
GPT-2,decode,1,1024,Embedding,2,0,39385346,39385346,78770692,78770692,0.0000,0.0000
GPT-2,decode,1,1024,LayerNorm,25,115300,76800,76800,153600,153600,0.7507,0.7507
GPT-2,decode,1,1024,Linear,49,123614976,123813457,123813457,247626914,247626914,0.4992,0.4992
GPT-2,decode,1,1024,Softmax,12,737280,294912,0,589824,0,1.2500,
GPT-2,decode,1,1024,GroupedQueryAttention,12,19021824,19187712,18892800,38375424,37785600,0.4957,0.5034
GPT-2,decode,1,1024,GELU,12,331776,73728,73728,147456,147456,2.2500,2.2500
GPT-2,decode,1,1024,Total,112,143821156,182831955,182242131,365663910,364484262,0.3933,0.3946
GPT-2,prefill,4,128,Embedding,2,0,39875968,39875968,79751936,79751936,0.0000,0.0000
GPT-2,prefill,4,128,LayerNorm,25,59033600,19699200,19699200,39398400,39398400,1.4984,1.4984
GPT-2,prefill,4,128,Linear,49,63290867712,225237248,225237248,450474496,450474496,140.4982,140.4982
GPT-2,prefill,4,128,Softmax,12,47185920,18874368,0,37748736,0,1.2500,
GPT-2,prefill,4,128,GroupedQueryAttention,12,1217396736,37748736,18874368,75497472,37748736,16.1250,32.2500
GPT-2,prefill,4,128,GELU,12,169869312,37748736,37748736,75497472,75497472,2.2500,2.2500
GPT-2,prefill,4,128,Total,112,64784353280,379184256,341435520,758368512,682871040,85.4260,94.8706
GPT-2,decode,4,128,Embedding,2,0,39387653,39387653,78775306,78775306,0.0000,0.0000
GPT-2,decode,4,128,LayerNorm,25,461200,192000,192000,384000,384000,1.2010,1.2010
GPT-2,decode,4,128,Linear,49,494459904,124408900,124408900,248817800,248817800,1.9872,1.9872
GPT-2,decode,4,128,Softmax,12,368640,147456,0,294912,0,1.2500,
GPT-2,decode,4,128,GroupedQueryAttention,12,9510912,9658368,9510912,19316736,19021824,0.4924,0.5000
GPT-2,decode,4,128,GELU,12,1327104,294912,294912,589824,589824,2.2500,2.2500
GPT-2,decode,4,128,Total,112,506127760,174089289,173794377,348178578,347588754,1.4536,1.4561
GPT-2,prefill,4,512,Embedding,2,0,41352448,41352448,82704896,82704896,0.0000,0.0000
GPT-2,prefill,4,512,LayerNorm,25,236134400,78681600,78681600,157363200,157363200,1.5006,1.5006
GPT-2,prefill,4,512,Linear,49,253163470848,530104064,530104064,1060208128,1060208128,238.7866,238.7866
GPT-2,prefill,4,512,Softmax,12,754974720,301989888,0,603979776,0,1.2500,
GPT-2,prefill,4,512,GroupedQueryAttention,12,19478347776,377487360,75497472,754974720,150994944,25.8000,129.0000
GPT-2,prefill,4,512,GELU,12,679477248,150994944,150994944,301989888,301989888,2.2500,2.2500
GPT-2,prefill,4,512,Total,112,274312404992,1480610304,876630528,2961220608,1753261056,92.6349,156.4584
GPT-2,decode,4,512,Embedding,2,0,39387653,39387653,78775306,78775306,0.0000,0.0000
GPT-2,decode,4,512,LayerNorm,25,461200,192000,192000,384000,384000,1.2010,1.2010
GPT-2,decode,4,512,Linear,49,494459904,124408900,124408900,248817800,248817800,1.9872,1.9872
GPT-2,decode,4,512,Softmax,12,1474560,589824,0,1179648,0,1.2500,
GPT-2,decode,4,512,GroupedQueryAttention,12,38043648,38412288,37822464,76824576,75644928,0.4952,0.5029
GPT-2,decode,4,512,GELU,12,1327104,294912,294912,589824,589824,2.2500,2.2500
GPT-2,decode,4,512,Total,112,535766416,203285577,202105929,406571154,404211858,1.3178,1.3255
GPT-2,prefill,4,1024,Embedding,2,0,43321088,43321088,86642176,86642176,0.0000,0.0000
GPT-2,prefill,4,1024,LayerNorm,25,472268800,157324800,157324800,314649600,314649600,1.5009,1.5009
GPT-2,prefill,4,1024,Linear,49,506326941696,936593152,936593152,1873186304,1873186304,270.3025,270.3025
GPT-2,prefill,4,1024,Softmax,12,3019898880,1207959552,0,2415919104,0,1.2500,
GPT-2,prefill,4,1024,GroupedQueryAttention,12,77913391104,1358954496,150994944,2717908992,301989888,28.6667,258.0000
GPT-2,prefill,4,1024,GELU,12,1358954496,301989888,301989888,603979776,603979776,2.2500,2.2500
GPT-2,prefill,4,1024,Total,112,589091454976,4006142976,1590223872,8012285952,3180447744,73.5235,185.2228
GPT-2,decode,4,1024,Embedding,2,0,39387653,39387653,78775306,78775306,0.0000,0.0000
GPT-2,decode,4,1024,LayerNorm,25,461200,192000,192000,384000,384000,1.2010,1.2010
GPT-2,decode,4,1024,Linear,49,494459904,124408900,124408900,248817800,248817800,1.9872,1.9872
GPT-2,decode,4,1024,Softmax,12,2949120,1179648,0,2359296,0,1.2500,
GPT-2,decode,4,1024,GroupedQueryAttention,12,76087296,76750848,75571200,153501696,151142400,0.4957,0.5034
GPT-2,decode,4,1024,GELU,12,1327104,294912,294912,589824,589824,2.2500,2.2500
GPT-2,decode,4,1024,Total,112,575284624,242213961,239854665,484427922,479709330,1.1876,1.1992
GPT-2,prefill,16,128,Embedding,2,0,41057152,41057152,82114304,82114304,0.0000,0.0000
GPT-2,prefill,16,128,LayerNorm,25,236134400,78681600,78681600,157363200,157363200,1.5006,1.5006
GPT-2,prefill,16,128,Linear,49,253163470848,530104064,530104064,1060208128,1060208128,238.7866,238.7866
GPT-2,prefill,16,128,Softmax,12,188743680,75497472,0,150994944,0,1.2500,
GPT-2,prefill,16,128,GroupedQueryAttention,12,4869586944,150994944,75497472,301989888,150994944,16.1250,32.2500
GPT-2,prefill,16,128,GELU,12,679477248,150994944,150994944,301989888,301989888,2.2500,2.2500
GPT-2,prefill,16,128,Total,112,259137413120,1027330176,876335232,2054660352,1752670464,126.1218,147.8529
GPT-2,decode,16,128,Embedding,2,0,39396881,39396881,78793762,78793762,0.0000,0.0000
GPT-2,decode,16,128,LayerNorm,25,1844800,652800,652800,1305600,1305600,1.4130,1.4130
GPT-2,decode,16,128,Linear,49,1977839616,126790672,126790672,253581344,253581344,7.7996,7.7996
GPT-2,decode,16,128,Softmax,12,1474560,589824,0,1179648,0,1.2500,
GPT-2,decode,16,128,GroupedQueryAttention,12,38043648,38633472,38043648,77266944,76087296,0.4924,0.5000
GPT-2,decode,16,128,GELU,12,5308416,1179648,1179648,2359296,2359296,2.2500,2.2500
GPT-2,decode,16,128,Total,112,2024511040,207243297,206063649,414486594,412127298,4.8844,4.9123
GPT-2,prefill,16,512,Embedding,2,0,46077184,46077184,92154368,92154368,0.0000,0.0000
GPT-2,prefill,16,512,LayerNorm,25,944537600,314611200,314611200,629222400,629222400,1.5011,1.5011
GPT-2,prefill,16,512,Linear,49,1012653883392,1749571328,1749571328,3499142656,3499142656,289.4006,289.4006
GPT-2,prefill,16,512,Softmax,12,3019898880,1207959552,0,2415919104,0,1.2500,
GPT-2,prefill,16,512,GroupedQueryAttention,12,77913391104,1509949440,301989888,3019898880,603979776,25.8000,129.0000
GPT-2,prefill,16,512,GELU,12,2717908992,603979776,603979776,1207959552,1207959552,2.2500,2.2500
GPT-2,prefill,16,512,Total,112,1097249619968,5432148480,3016229376,10864296960,6032458752,100.9959,181.8909
GPT-2,decode,16,512,Embedding,2,0,39396881,39396881,78793762,78793762,0.0000,0.0000
GPT-2,decode,16,512,LayerNorm,25,1844800,652800,652800,1305600,1305600,1.4130,1.4130
GPT-2,decode,16,512,Linear,49,1977839616,126790672,126790672,253581344,253581344,7.7996,7.7996
GPT-2,decode,16,512,Softmax,12,5898240,2359296,0,4718592,0,1.2500,
GPT-2,decode,16,512,GroupedQueryAttention,12,152174592,153649152,151289856,307298304,302579712,0.4952,0.5029
GPT-2,decode,16,512,GELU,12,5308416,1179648,1179648,2359296,2359296,2.2500,2.2500
GPT-2,decode,16,512,Total,112,2143065664,324028449,319309857,648056898,638619714,3.3069,3.3558
GPT-2,prefill,16,1024,Embedding,2,0,52770560,52770560,105541120,105541120,0.0000,0.0000
GPT-2,prefill,16,1024,LayerNorm,25,1889075200,629184000,629184000,1258368000,1258368000,1.5012,1.5012
GPT-2,prefill,16,1024,Linear,49,2025307766784,3375527680,3375527680,6751055360,6751055360,299.9987,299.9987
GPT-2,prefill,16,1024,Softmax,12,12079595520,4831838208,0,9663676416,0,1.2500,
GPT-2,prefill,16,1024,GroupedQueryAttention,12,311653564416,5435817984,603979776,10871635968,1207959552,28.6667,258.0000
GPT-2,prefill,16,1024,GELU,12,5435817984,1207959552,1207959552,2415919104,2415919104,2.2500,2.2500
GPT-2,prefill,16,1024,Total,112,2356365819904,15533097984,5869421568,31066195968,11738843136,75.8498,200.7324
GPT-2,decode,16,1024,Embedding,2,0,39396881,39396881,78793762,78793762,0.0000,0.0000
GPT-2,decode,16,1024,LayerNorm,25,1844800,652800,652800,1305600,1305600,1.4130,1.4130
GPT-2,decode,16,1024,Linear,49,1977839616,126790672,126790672,253581344,253581344,7.7996,7.7996
GPT-2,decode,16,1024,Softmax,12,11796480,4718592,0,9437184,0,1.2500,
GPT-2,decode,16,1024,GroupedQueryAttention,12,304349184,307003392,302284800,614006784,604569600,0.4957,0.5034
GPT-2,decode,16,1024,GELU,12,5308416,1179648,1179648,2359296,2359296,2.2500,2.2500
GPT-2,decode,16,1024,Total,112,2301138496,479741985,470304801,959483970,940609602,2.3983,2.4464
GPT-2,prefill,64,128,Embedding,2,0,45781888,45781888,91563776,91563776,0.0000,0.0000
GPT-2,prefill,64,128,LayerNorm,25,944537600,314611200,314611200,629222400,629222400,1.5011,1.5011
GPT-2,prefill,64,128,Linear,49,1012653883392,1749571328,1749571328,3499142656,3499142656,289.4006,289.4006
GPT-2,prefill,64,128,Softmax,12,754974720,301989888,0,603979776,0,1.2500,
GPT-2,prefill,64,128,GroupedQueryAttention,12,19478347776,603979776,301989888,1207959552,603979776,16.1250,32.2500
GPT-2,prefill,64,128,GELU,12,2717908992,603979776,603979776,1207959552,1207959552,2.2500,2.2500
GPT-2,prefill,64,128,Total,112,1036549652480,3619913856,3015934080,7239827712,6031868160,143.1732,171.8455
GPT-2,decode,64,128,Embedding,2,0,39433793,39433793,78867586,78867586,0.0000,0.0000
GPT-2,decode,64,128,LayerNorm,25,7379200,2496000,2496000,4992000,4992000,1.4782,1.4782
GPT-2,decode,64,128,Linear,49,7911358464,136317760,136317760,272635520,272635520,29.0181,29.0181
GPT-2,decode,64,128,Softmax,12,5898240,2359296,0,4718592,0,1.2500,
GPT-2,decode,64,128,GroupedQueryAttention,12,152174592,154533888,152174592,309067776,304349184,0.4924,0.5000
GPT-2,decode,64,128,GELU,12,21233664,4718592,4718592,9437184,9437184,2.2500,2.2500
GPT-2,decode,64,128,Total,112,8098044160,339859329,335140737,679718658,670281474,11.9138,12.0816
GPT-2,prefill,64,512,Embedding,2,0,64976128,64976128,129952256,129952256,0.0000,0.0000
GPT-2,prefill,64,512,LayerNorm,25,3778150400,1258329600,1258329600,2516659200,2516659200,1.5013,1.5013
GPT-2,prefill,64,512,Linear,49,4050615533568,6627440384,6627440384,13254880768,13254880768,305.5943,305.5943
GPT-2,prefill,64,512,Softmax,12,12079595520,4831838208,0,9663676416,0,1.2500,
GPT-2,prefill,64,512,GroupedQueryAttention,12,311653564416,6039797760,1207959552,12079595520,2415919104,25.8000,129.0000
GPT-2,prefill,64,512,GELU,12,10871635968,2415919104,2415919104,4831838208,4831838208,2.2500,2.2500
GPT-2,prefill,64,512,Total,112,4388998479872,21238301184,11574624768,42476602368,23149249536,103.3274,189.5957
GPT-2,decode,64,512,Embedding,2,0,39433793,39433793,78867586,78867586,0.0000,0.0000
GPT-2,decode,64,512,LayerNorm,25,7379200,2496000,2496000,4992000,4992000,1.4782,1.4782
GPT-2,decode,64,512,Linear,49,7911358464,136317760,136317760,272635520,272635520,29.0181,29.0181
GPT-2,decode,64,512,Softmax,12,23592960,9437184,0,18874368,0,1.2500,
GPT-2,decode,64,512,GroupedQueryAttention,12,608698368,614596608,605159424,1229193216,1210318848,0.4952,0.5029
GPT-2,decode,64,512,GELU,12,21233664,4718592,4718592,9437184,9437184,2.2500,2.2500
GPT-2,decode,64,512,Total,112,8572262656,806999937,788125569,1613999874,1576251138,5.3112,5.4384
GPT-2,prefill,64,1024,Embedding,2,0,90568448,90568448,181136896,181136896,0.0000,0.0000
GPT-2,prefill,64,1024,LayerNorm,25,7556300800,2516620800,2516620800,5033241600,5033241600,1.5013,1.5013
GPT-2,prefill,64,1024,Linear,49,8101231067136,13131265792,13131265792,26262531584,26262531584,308.4711,308.4711
GPT-2,prefill,64,1024,Softmax,12,48318382080,19327352832,0,38654705664,0,1.2500,
GPT-2,prefill,64,1024,GroupedQueryAttention,12,1246614257664,21743271936,2415919104,43486543872,4831838208,28.6667,258.0000
GPT-2,prefill,64,1024,GELU,12,21743271936,4831838208,4831838208,9663676416,9663676416,2.2500,2.2500
GPT-2,prefill,64,1024,Total,112,9425463279616,61640918016,22986212352,123281836032,45972424704,76.4546,205.0243
GPT-2,decode,64,1024,Embedding,2,0,39433793,39433793,78867586,78867586,0.0000,0.0000
GPT-2,decode,64,1024,LayerNorm,25,7379200,2496000,2496000,4992000,4992000,1.4782,1.4782
GPT-2,decode,64,1024,Linear,49,7911358464,136317760,136317760,272635520,272635520,29.0181,29.0181
GPT-2,decode,64,1024,Softmax,12,47185920,18874368,0,37748736,0,1.2500,
GPT-2,decode,64,1024,GroupedQueryAttention,12,1217396736,1228013568,1209139200,2456027136,2418278400,0.4957,0.5034
GPT-2,decode,64,1024,GELU,12,21233664,4718592,4718592,9437184,9437184,2.2500,2.2500
GPT-2,decode,64,1024,Total,112,9204553984,1429854081,1392105345,2859708162,2784210690,3.2187,3.3060
