port,dir,width,group
io_aclk,input,1,io_aclk
io_aresetn,input,1,io_aresetn
io_axi_slave_write_addr_ready,output,1,io_axi_slave
io_axi_slave_write_addr_valid,input,1,io_axi_slave
io_axi_slave_write_addr_bits_addr,input,32,io_axi_slave
io_axi_slave_write_addr_bits_prot,input,3,io_axi_slave
io_axi_slave_write_addr_bits_id,input,6,io_axi_slave
io_axi_slave_write_addr_bits_len,input,8,io_axi_slave
io_axi_slave_write_addr_bits_size,input,3,io_axi_slave
io_axi_slave_write_addr_bits_burst,input,2,io_axi_slave
io_axi_slave_write_addr_bits_lock,input,1,io_axi_slave
io_axi_slave_write_addr_bits_cache,input,4,io_axi_slave
io_axi_slave_write_addr_bits_qos,input,4,io_axi_slave
io_axi_slave_write_addr_bits_region,input,4,io_axi_slave
io_axi_slave_write_data_ready,output,1,io_axi_slave
io_axi_slave_write_data_valid,input,1,io_axi_slave
io_axi_slave_write_data_bits_data,input,128,io_axi_slave
io_axi_slave_write_data_bits_last,input,1,io_axi_slave
io_axi_slave_write_data_bits_strb,input,16,io_axi_slave
io_axi_slave_write_resp_ready,input,1,io_axi_slave
io_axi_slave_write_resp_valid,output,1,io_axi_slave
io_axi_slave_write_resp_bits_id,output,6,io_axi_slave
io_axi_slave_write_resp_bits_resp,output,2,io_axi_slave
io_axi_slave_read_addr_ready,output,1,io_axi_slave
io_axi_slave_read_addr_valid,input,1,io_axi_slave
io_axi_slave_read_addr_bits_addr,input,32,io_axi_slave
io_axi_slave_read_addr_bits_prot,input,3,io_axi_slave
io_axi_slave_read_addr_bits_id,input,6,io_axi_slave
io_axi_slave_read_addr_bits_len,input,8,io_axi_slave
io_axi_slave_read_addr_bits_size,input,3,io_axi_slave
io_axi_slave_read_addr_bits_burst,input,2,io_axi_slave
io_axi_slave_read_addr_bits_lock,input,1,io_axi_slave
io_axi_slave_read_addr_bits_cache,input,4,io_axi_slave
io_axi_slave_read_addr_bits_qos,input,4,io_axi_slave
io_axi_slave_read_addr_bits_region,input,4,io_axi_slave
io_axi_slave_read_data_ready,input,1,io_axi_slave
io_axi_slave_read_data_valid,output,1,io_axi_slave
io_axi_slave_read_data_bits_data,output,128,io_axi_slave
io_axi_slave_read_data_bits_id,output,6,io_axi_slave
io_axi_slave_read_data_bits_resp,output,2,io_axi_slave
io_axi_slave_read_data_bits_last,output,1,io_axi_slave
io_axi_master_write_addr_ready,input,1,io_axi_master
io_axi_master_write_addr_valid,output,1,io_axi_master
io_axi_master_write_addr_bits_addr,output,32,io_axi_master
io_axi_master_write_addr_bits_prot,output,3,io_axi_master
io_axi_master_write_addr_bits_id,output,6,io_axi_master
io_axi_master_write_addr_bits_len,output,8,io_axi_master
io_axi_master_write_addr_bits_size,output,3,io_axi_master
io_axi_master_write_addr_bits_burst,output,2,io_axi_master
io_axi_master_write_addr_bits_lock,output,1,io_axi_master
io_axi_master_write_addr_bits_cache,output,4,io_axi_master
io_axi_master_write_addr_bits_qos,output,4,io_axi_master
io_axi_master_write_addr_bits_region,output,4,io_axi_master
io_axi_master_write_data_ready,input,1,io_axi_master
io_axi_master_write_data_valid,output,1,io_axi_master
io_axi_master_write_data_bits_data,output,128,io_axi_master
io_axi_master_write_data_bits_last,output,1,io_axi_master
io_axi_master_write_data_bits_strb,output,16,io_axi_master
io_axi_master_write_resp_ready,output,1,io_axi_master
io_axi_master_write_resp_valid,input,1,io_axi_master
io_axi_master_write_resp_bits_id,input,6,io_axi_master
io_axi_master_write_resp_bits_resp,input,2,io_axi_master
io_axi_master_read_addr_ready,input,1,io_axi_master
io_axi_master_read_addr_valid,output,1,io_axi_master
io_axi_master_read_addr_bits_addr,output,32,io_axi_master
io_axi_master_read_addr_bits_prot,output,3,io_axi_master
io_axi_master_read_addr_bits_id,output,6,io_axi_master
io_axi_master_read_addr_bits_len,output,8,io_axi_master
io_axi_master_read_addr_bits_size,output,3,io_axi_master
io_axi_master_read_addr_bits_burst,output,2,io_axi_master
io_axi_master_read_addr_bits_lock,output,1,io_axi_master
io_axi_master_read_addr_bits_cache,output,4,io_axi_master
io_axi_master_read_addr_bits_qos,output,4,io_axi_master
io_axi_master_read_addr_bits_region,output,4,io_axi_master
io_axi_master_read_data_ready,output,1,io_axi_master
io_axi_master_read_data_valid,input,1,io_axi_master
io_axi_master_read_data_bits_data,input,128,io_axi_master
io_axi_master_read_data_bits_id,input,6,io_axi_master
io_axi_master_read_data_bits_resp,input,2,io_axi_master
io_axi_master_read_data_bits_last,input,1,io_axi_master
io_halted,output,1,io_halted
io_fault,output,1,io_fault
io_wfi,output,1,io_wfi
io_irq,input,1,io_irq
io_boot_addr,input,32,io_boot_addr
io_timer_irq,input,1,io_timer_irq
io_software_irq,input,1,io_software_irq
io_debug_en,output,4,io_debug
io_debug_addr_0,output,32,io_debug
io_debug_addr_1,output,32,io_debug
io_debug_addr_2,output,32,io_debug
io_debug_addr_3,output,32,io_debug
io_debug_inst_0,output,32,io_debug
io_debug_inst_1,output,32,io_debug
io_debug_inst_2,output,32,io_debug
io_debug_inst_3,output,32,io_debug
io_debug_cycles,output,32,io_debug
io_debug_dbus_valid,output,1,io_debug
io_debug_dbus_bits_addr,output,32,io_debug
io_debug_dbus_bits_wdata,output,128,io_debug
io_debug_dbus_bits_write,output,1,io_debug
io_debug_dispatch_0_instFire,output,1,io_debug
io_debug_dispatch_0_instAddr,output,32,io_debug
io_debug_dispatch_0_instInst,output,32,io_debug
io_debug_dispatch_1_instFire,output,1,io_debug
io_debug_dispatch_1_instAddr,output,32,io_debug
io_debug_dispatch_1_instInst,output,32,io_debug
io_debug_dispatch_2_instFire,output,1,io_debug
io_debug_dispatch_2_instAddr,output,32,io_debug
io_debug_dispatch_2_instInst,output,32,io_debug
io_debug_dispatch_3_instFire,output,1,io_debug
io_debug_dispatch_3_instAddr,output,32,io_debug
io_debug_dispatch_3_instInst,output,32,io_debug
io_debug_regfile_writeAddr_0_valid,output,1,io_debug
io_debug_regfile_writeAddr_0_bits,output,5,io_debug
io_debug_regfile_writeAddr_1_valid,output,1,io_debug
io_debug_regfile_writeAddr_1_bits,output,5,io_debug
io_debug_regfile_writeAddr_2_valid,output,1,io_debug
io_debug_regfile_writeAddr_2_bits,output,5,io_debug
io_debug_regfile_writeAddr_3_valid,output,1,io_debug
io_debug_regfile_writeAddr_3_bits,output,5,io_debug
io_debug_regfile_writeData_0_valid,output,1,io_debug
io_debug_regfile_writeData_0_bits_addr,output,5,io_debug
io_debug_regfile_writeData_0_bits_data,output,32,io_debug
io_debug_regfile_writeData_1_valid,output,1,io_debug
io_debug_regfile_writeData_1_bits_addr,output,5,io_debug
io_debug_regfile_writeData_1_bits_data,output,32,io_debug
io_debug_regfile_writeData_2_valid,output,1,io_debug
io_debug_regfile_writeData_2_bits_addr,output,5,io_debug
io_debug_regfile_writeData_2_bits_data,output,32,io_debug
io_debug_regfile_writeData_3_valid,output,1,io_debug
io_debug_regfile_writeData_3_bits_addr,output,5,io_debug
io_debug_regfile_writeData_3_bits_data,output,32,io_debug
io_debug_regfile_writeData_4_valid,output,1,io_debug
io_debug_regfile_writeData_4_bits_addr,output,5,io_debug
io_debug_regfile_writeData_4_bits_data,output,32,io_debug
io_debug_regfile_writeData_5_valid,output,1,io_debug
io_debug_regfile_writeData_5_bits_addr,output,5,io_debug
io_debug_regfile_writeData_5_bits_data,output,32,io_debug
io_debug_float_writeAddr_valid,output,1,io_debug
io_debug_float_writeAddr_bits,output,5,io_debug
io_debug_float_writeData_0_valid,output,1,io_debug
io_debug_float_writeData_0_bits_addr,output,32,io_debug
io_debug_float_writeData_0_bits_data,output,32,io_debug
io_debug_float_writeData_1_valid,output,1,io_debug
io_debug_float_writeData_1_bits_addr,output,32,io_debug
io_debug_float_writeData_1_bits_data,output,32,io_debug
io_debug_rb_inst_0_valid,output,1,io_debug
io_debug_rb_inst_0_bits_pc,output,32,io_debug
io_debug_rb_inst_0_bits_inst,output,32,io_debug
io_debug_rb_inst_0_bits_idx,output,7,io_debug
io_debug_rb_inst_0_bits_data,output,128,io_debug
io_debug_rb_inst_0_bits_vecWrites_0_valid,output,1,io_debug
io_debug_rb_inst_0_bits_vecWrites_0_bits_data,output,128,io_debug
io_debug_rb_inst_0_bits_vecWrites_0_bits_idx,output,5,io_debug
io_debug_rb_inst_0_bits_vecWrites_1_valid,output,1,io_debug
io_debug_rb_inst_0_bits_vecWrites_1_bits_data,output,128,io_debug
io_debug_rb_inst_0_bits_vecWrites_1_bits_idx,output,5,io_debug
io_debug_rb_inst_0_bits_vecWrites_2_valid,output,1,io_debug
io_debug_rb_inst_0_bits_vecWrites_2_bits_data,output,128,io_debug
io_debug_rb_inst_0_bits_vecWrites_2_bits_idx,output,5,io_debug
io_debug_rb_inst_0_bits_vecWrites_3_valid,output,1,io_debug
io_debug_rb_inst_0_bits_vecWrites_3_bits_data,output,128,io_debug
io_debug_rb_inst_0_bits_vecWrites_3_bits_idx,output,5,io_debug
io_debug_rb_inst_0_bits_vecWrites_4_valid,output,1,io_debug
io_debug_rb_inst_0_bits_vecWrites_4_bits_data,output,128,io_debug
io_debug_rb_inst_0_bits_vecWrites_4_bits_idx,output,5,io_debug
io_debug_rb_inst_0_bits_vecWrites_5_valid,output,1,io_debug
io_debug_rb_inst_0_bits_vecWrites_5_bits_data,output,128,io_debug
io_debug_rb_inst_0_bits_vecWrites_5_bits_idx,output,5,io_debug
io_debug_rb_inst_0_bits_vecWrites_6_valid,output,1,io_debug
io_debug_rb_inst_0_bits_vecWrites_6_bits_data,output,128,io_debug
io_debug_rb_inst_0_bits_vecWrites_6_bits_idx,output,5,io_debug
io_debug_rb_inst_0_bits_vecWrites_7_valid,output,1,io_debug
io_debug_rb_inst_0_bits_vecWrites_7_bits_data,output,128,io_debug
io_debug_rb_inst_0_bits_vecWrites_7_bits_idx,output,5,io_debug
io_debug_rb_inst_0_bits_trap,output,1,io_debug
io_debug_rb_inst_1_valid,output,1,io_debug
io_debug_rb_inst_1_bits_pc,output,32,io_debug
io_debug_rb_inst_1_bits_inst,output,32,io_debug
io_debug_rb_inst_1_bits_idx,output,7,io_debug
io_debug_rb_inst_1_bits_data,output,128,io_debug
io_debug_rb_inst_1_bits_vecWrites_0_valid,output,1,io_debug
io_debug_rb_inst_1_bits_vecWrites_0_bits_data,output,128,io_debug
io_debug_rb_inst_1_bits_vecWrites_0_bits_idx,output,5,io_debug
io_debug_rb_inst_1_bits_vecWrites_1_valid,output,1,io_debug
io_debug_rb_inst_1_bits_vecWrites_1_bits_data,output,128,io_debug
io_debug_rb_inst_1_bits_vecWrites_1_bits_idx,output,5,io_debug
io_debug_rb_inst_1_bits_vecWrites_2_valid,output,1,io_debug
io_debug_rb_inst_1_bits_vecWrites_2_bits_data,output,128,io_debug
io_debug_rb_inst_1_bits_vecWrites_2_bits_idx,output,5,io_debug
io_debug_rb_inst_1_bits_vecWrites_3_valid,output,1,io_debug
io_debug_rb_inst_1_bits_vecWrites_3_bits_data,output,128,io_debug
io_debug_rb_inst_1_bits_vecWrites_3_bits_idx,output,5,io_debug
io_debug_rb_inst_1_bits_vecWrites_4_valid,output,1,io_debug
io_debug_rb_inst_1_bits_vecWrites_4_bits_data,output,128,io_debug
io_debug_rb_inst_1_bits_vecWrites_4_bits_idx,output,5,io_debug
io_debug_rb_inst_1_bits_vecWrites_5_valid,output,1,io_debug
io_debug_rb_inst_1_bits_vecWrites_5_bits_data,output,128,io_debug
io_debug_rb_inst_1_bits_vecWrites_5_bits_idx,output,5,io_debug
io_debug_rb_inst_1_bits_vecWrites_6_valid,output,1,io_debug
io_debug_rb_inst_1_bits_vecWrites_6_bits_data,output,128,io_debug
io_debug_rb_inst_1_bits_vecWrites_6_bits_idx,output,5,io_debug
io_debug_rb_inst_1_bits_vecWrites_7_valid,output,1,io_debug
io_debug_rb_inst_1_bits_vecWrites_7_bits_data,output,128,io_debug
io_debug_rb_inst_1_bits_vecWrites_7_bits_idx,output,5,io_debug
io_debug_rb_inst_1_bits_trap,output,1,io_debug
io_debug_rb_inst_2_valid,output,1,io_debug
io_debug_rb_inst_2_bits_pc,output,32,io_debug
io_debug_rb_inst_2_bits_inst,output,32,io_debug
io_debug_rb_inst_2_bits_idx,output,7,io_debug
io_debug_rb_inst_2_bits_data,output,128,io_debug
io_debug_rb_inst_2_bits_vecWrites_0_valid,output,1,io_debug
io_debug_rb_inst_2_bits_vecWrites_0_bits_data,output,128,io_debug
io_debug_rb_inst_2_bits_vecWrites_0_bits_idx,output,5,io_debug
io_debug_rb_inst_2_bits_vecWrites_1_valid,output,1,io_debug
io_debug_rb_inst_2_bits_vecWrites_1_bits_data,output,128,io_debug
io_debug_rb_inst_2_bits_vecWrites_1_bits_idx,output,5,io_debug
io_debug_rb_inst_2_bits_vecWrites_2_valid,output,1,io_debug
io_debug_rb_inst_2_bits_vecWrites_2_bits_data,output,128,io_debug
io_debug_rb_inst_2_bits_vecWrites_2_bits_idx,output,5,io_debug
io_debug_rb_inst_2_bits_vecWrites_3_valid,output,1,io_debug
io_debug_rb_inst_2_bits_vecWrites_3_bits_data,output,128,io_debug
io_debug_rb_inst_2_bits_vecWrites_3_bits_idx,output,5,io_debug
io_debug_rb_inst_2_bits_vecWrites_4_valid,output,1,io_debug
io_debug_rb_inst_2_bits_vecWrites_4_bits_data,output,128,io_debug
io_debug_rb_inst_2_bits_vecWrites_4_bits_idx,output,5,io_debug
io_debug_rb_inst_2_bits_vecWrites_5_valid,output,1,io_debug
io_debug_rb_inst_2_bits_vecWrites_5_bits_data,output,128,io_debug
io_debug_rb_inst_2_bits_vecWrites_5_bits_idx,output,5,io_debug
io_debug_rb_inst_2_bits_vecWrites_6_valid,output,1,io_debug
io_debug_rb_inst_2_bits_vecWrites_6_bits_data,output,128,io_debug
io_debug_rb_inst_2_bits_vecWrites_6_bits_idx,output,5,io_debug
io_debug_rb_inst_2_bits_vecWrites_7_valid,output,1,io_debug
io_debug_rb_inst_2_bits_vecWrites_7_bits_data,output,128,io_debug
io_debug_rb_inst_2_bits_vecWrites_7_bits_idx,output,5,io_debug
io_debug_rb_inst_2_bits_trap,output,1,io_debug
io_debug_rb_inst_3_valid,output,1,io_debug
io_debug_rb_inst_3_bits_pc,output,32,io_debug
io_debug_rb_inst_3_bits_inst,output,32,io_debug
io_debug_rb_inst_3_bits_idx,output,7,io_debug
io_debug_rb_inst_3_bits_data,output,128,io_debug
io_debug_rb_inst_3_bits_vecWrites_0_valid,output,1,io_debug
io_debug_rb_inst_3_bits_vecWrites_0_bits_data,output,128,io_debug
io_debug_rb_inst_3_bits_vecWrites_0_bits_idx,output,5,io_debug
io_debug_rb_inst_3_bits_vecWrites_1_valid,output,1,io_debug
io_debug_rb_inst_3_bits_vecWrites_1_bits_data,output,128,io_debug
io_debug_rb_inst_3_bits_vecWrites_1_bits_idx,output,5,io_debug
io_debug_rb_inst_3_bits_vecWrites_2_valid,output,1,io_debug
io_debug_rb_inst_3_bits_vecWrites_2_bits_data,output,128,io_debug
io_debug_rb_inst_3_bits_vecWrites_2_bits_idx,output,5,io_debug
io_debug_rb_inst_3_bits_vecWrites_3_valid,output,1,io_debug
io_debug_rb_inst_3_bits_vecWrites_3_bits_data,output,128,io_debug
io_debug_rb_inst_3_bits_vecWrites_3_bits_idx,output,5,io_debug
io_debug_rb_inst_3_bits_vecWrites_4_valid,output,1,io_debug
io_debug_rb_inst_3_bits_vecWrites_4_bits_data,output,128,io_debug
io_debug_rb_inst_3_bits_vecWrites_4_bits_idx,output,5,io_debug
io_debug_rb_inst_3_bits_vecWrites_5_valid,output,1,io_debug
io_debug_rb_inst_3_bits_vecWrites_5_bits_data,output,128,io_debug
io_debug_rb_inst_3_bits_vecWrites_5_bits_idx,output,5,io_debug
io_debug_rb_inst_3_bits_vecWrites_6_valid,output,1,io_debug
io_debug_rb_inst_3_bits_vecWrites_6_bits_data,output,128,io_debug
io_debug_rb_inst_3_bits_vecWrites_6_bits_idx,output,5,io_debug
io_debug_rb_inst_3_bits_vecWrites_7_valid,output,1,io_debug
io_debug_rb_inst_3_bits_vecWrites_7_bits_data,output,128,io_debug
io_debug_rb_inst_3_bits_vecWrites_7_bits_idx,output,5,io_debug
io_debug_rb_inst_3_bits_trap,output,1,io_debug
io_debug_rb_inst_4_valid,output,1,io_debug
io_debug_rb_inst_4_bits_pc,output,32,io_debug
io_debug_rb_inst_4_bits_inst,output,32,io_debug
io_debug_rb_inst_4_bits_idx,output,7,io_debug
io_debug_rb_inst_4_bits_data,output,128,io_debug
io_debug_rb_inst_4_bits_vecWrites_0_valid,output,1,io_debug
io_debug_rb_inst_4_bits_vecWrites_0_bits_data,output,128,io_debug
io_debug_rb_inst_4_bits_vecWrites_0_bits_idx,output,5,io_debug
io_debug_rb_inst_4_bits_vecWrites_1_valid,output,1,io_debug
io_debug_rb_inst_4_bits_vecWrites_1_bits_data,output,128,io_debug
io_debug_rb_inst_4_bits_vecWrites_1_bits_idx,output,5,io_debug
io_debug_rb_inst_4_bits_vecWrites_2_valid,output,1,io_debug
io_debug_rb_inst_4_bits_vecWrites_2_bits_data,output,128,io_debug
io_debug_rb_inst_4_bits_vecWrites_2_bits_idx,output,5,io_debug
io_debug_rb_inst_4_bits_vecWrites_3_valid,output,1,io_debug
io_debug_rb_inst_4_bits_vecWrites_3_bits_data,output,128,io_debug
io_debug_rb_inst_4_bits_vecWrites_3_bits_idx,output,5,io_debug
io_debug_rb_inst_4_bits_vecWrites_4_valid,output,1,io_debug
io_debug_rb_inst_4_bits_vecWrites_4_bits_data,output,128,io_debug
io_debug_rb_inst_4_bits_vecWrites_4_bits_idx,output,5,io_debug
io_debug_rb_inst_4_bits_vecWrites_5_valid,output,1,io_debug
io_debug_rb_inst_4_bits_vecWrites_5_bits_data,output,128,io_debug
io_debug_rb_inst_4_bits_vecWrites_5_bits_idx,output,5,io_debug
io_debug_rb_inst_4_bits_vecWrites_6_valid,output,1,io_debug
io_debug_rb_inst_4_bits_vecWrites_6_bits_data,output,128,io_debug
io_debug_rb_inst_4_bits_vecWrites_6_bits_idx,output,5,io_debug
io_debug_rb_inst_4_bits_vecWrites_7_valid,output,1,io_debug
io_debug_rb_inst_4_bits_vecWrites_7_bits_data,output,128,io_debug
io_debug_rb_inst_4_bits_vecWrites_7_bits_idx,output,5,io_debug
io_debug_rb_inst_4_bits_trap,output,1,io_debug
io_debug_rb_inst_5_valid,output,1,io_debug
io_debug_rb_inst_5_bits_pc,output,32,io_debug
io_debug_rb_inst_5_bits_inst,output,32,io_debug
io_debug_rb_inst_5_bits_idx,output,7,io_debug
io_debug_rb_inst_5_bits_data,output,128,io_debug
io_debug_rb_inst_5_bits_vecWrites_0_valid,output,1,io_debug
io_debug_rb_inst_5_bits_vecWrites_0_bits_data,output,128,io_debug
io_debug_rb_inst_5_bits_vecWrites_0_bits_idx,output,5,io_debug
io_debug_rb_inst_5_bits_vecWrites_1_valid,output,1,io_debug
io_debug_rb_inst_5_bits_vecWrites_1_bits_data,output,128,io_debug
io_debug_rb_inst_5_bits_vecWrites_1_bits_idx,output,5,io_debug
io_debug_rb_inst_5_bits_vecWrites_2_valid,output,1,io_debug
io_debug_rb_inst_5_bits_vecWrites_2_bits_data,output,128,io_debug
io_debug_rb_inst_5_bits_vecWrites_2_bits_idx,output,5,io_debug
io_debug_rb_inst_5_bits_vecWrites_3_valid,output,1,io_debug
io_debug_rb_inst_5_bits_vecWrites_3_bits_data,output,128,io_debug
io_debug_rb_inst_5_bits_vecWrites_3_bits_idx,output,5,io_debug
io_debug_rb_inst_5_bits_vecWrites_4_valid,output,1,io_debug
io_debug_rb_inst_5_bits_vecWrites_4_bits_data,output,128,io_debug
io_debug_rb_inst_5_bits_vecWrites_4_bits_idx,output,5,io_debug
io_debug_rb_inst_5_bits_vecWrites_5_valid,output,1,io_debug
io_debug_rb_inst_5_bits_vecWrites_5_bits_data,output,128,io_debug
io_debug_rb_inst_5_bits_vecWrites_5_bits_idx,output,5,io_debug
io_debug_rb_inst_5_bits_vecWrites_6_valid,output,1,io_debug
io_debug_rb_inst_5_bits_vecWrites_6_bits_data,output,128,io_debug
io_debug_rb_inst_5_bits_vecWrites_6_bits_idx,output,5,io_debug
io_debug_rb_inst_5_bits_vecWrites_7_valid,output,1,io_debug
io_debug_rb_inst_5_bits_vecWrites_7_bits_data,output,128,io_debug
io_debug_rb_inst_5_bits_vecWrites_7_bits_idx,output,5,io_debug
io_debug_rb_inst_5_bits_trap,output,1,io_debug
io_debug_rb_inst_6_valid,output,1,io_debug
io_debug_rb_inst_6_bits_pc,output,32,io_debug
io_debug_rb_inst_6_bits_inst,output,32,io_debug
io_debug_rb_inst_6_bits_idx,output,7,io_debug
io_debug_rb_inst_6_bits_data,output,128,io_debug
io_debug_rb_inst_6_bits_vecWrites_0_valid,output,1,io_debug
io_debug_rb_inst_6_bits_vecWrites_0_bits_data,output,128,io_debug
io_debug_rb_inst_6_bits_vecWrites_0_bits_idx,output,5,io_debug
io_debug_rb_inst_6_bits_vecWrites_1_valid,output,1,io_debug
io_debug_rb_inst_6_bits_vecWrites_1_bits_data,output,128,io_debug
io_debug_rb_inst_6_bits_vecWrites_1_bits_idx,output,5,io_debug
io_debug_rb_inst_6_bits_vecWrites_2_valid,output,1,io_debug
io_debug_rb_inst_6_bits_vecWrites_2_bits_data,output,128,io_debug
io_debug_rb_inst_6_bits_vecWrites_2_bits_idx,output,5,io_debug
io_debug_rb_inst_6_bits_vecWrites_3_valid,output,1,io_debug
io_debug_rb_inst_6_bits_vecWrites_3_bits_data,output,128,io_debug
io_debug_rb_inst_6_bits_vecWrites_3_bits_idx,output,5,io_debug
io_debug_rb_inst_6_bits_vecWrites_4_valid,output,1,io_debug
io_debug_rb_inst_6_bits_vecWrites_4_bits_data,output,128,io_debug
io_debug_rb_inst_6_bits_vecWrites_4_bits_idx,output,5,io_debug
io_debug_rb_inst_6_bits_vecWrites_5_valid,output,1,io_debug
io_debug_rb_inst_6_bits_vecWrites_5_bits_data,output,128,io_debug
io_debug_rb_inst_6_bits_vecWrites_5_bits_idx,output,5,io_debug
io_debug_rb_inst_6_bits_vecWrites_6_valid,output,1,io_debug
io_debug_rb_inst_6_bits_vecWrites_6_bits_data,output,128,io_debug
io_debug_rb_inst_6_bits_vecWrites_6_bits_idx,output,5,io_debug
io_debug_rb_inst_6_bits_vecWrites_7_valid,output,1,io_debug
io_debug_rb_inst_6_bits_vecWrites_7_bits_data,output,128,io_debug
io_debug_rb_inst_6_bits_vecWrites_7_bits_idx,output,5,io_debug
io_debug_rb_inst_6_bits_trap,output,1,io_debug
io_debug_rb_inst_7_valid,output,1,io_debug
io_debug_rb_inst_7_bits_pc,output,32,io_debug
io_debug_rb_inst_7_bits_inst,output,32,io_debug
io_debug_rb_inst_7_bits_idx,output,7,io_debug
io_debug_rb_inst_7_bits_data,output,128,io_debug
io_debug_rb_inst_7_bits_vecWrites_0_valid,output,1,io_debug
io_debug_rb_inst_7_bits_vecWrites_0_bits_data,output,128,io_debug
io_debug_rb_inst_7_bits_vecWrites_0_bits_idx,output,5,io_debug
io_debug_rb_inst_7_bits_vecWrites_1_valid,output,1,io_debug
io_debug_rb_inst_7_bits_vecWrites_1_bits_data,output,128,io_debug
io_debug_rb_inst_7_bits_vecWrites_1_bits_idx,output,5,io_debug
io_debug_rb_inst_7_bits_vecWrites_2_valid,output,1,io_debug
io_debug_rb_inst_7_bits_vecWrites_2_bits_data,output,128,io_debug
io_debug_rb_inst_7_bits_vecWrites_2_bits_idx,output,5,io_debug
io_debug_rb_inst_7_bits_vecWrites_3_valid,output,1,io_debug
io_debug_rb_inst_7_bits_vecWrites_3_bits_data,output,128,io_debug
io_debug_rb_inst_7_bits_vecWrites_3_bits_idx,output,5,io_debug
io_debug_rb_inst_7_bits_vecWrites_4_valid,output,1,io_debug
io_debug_rb_inst_7_bits_vecWrites_4_bits_data,output,128,io_debug
io_debug_rb_inst_7_bits_vecWrites_4_bits_idx,output,5,io_debug
io_debug_rb_inst_7_bits_vecWrites_5_valid,output,1,io_debug
io_debug_rb_inst_7_bits_vecWrites_5_bits_data,output,128,io_debug
io_debug_rb_inst_7_bits_vecWrites_5_bits_idx,output,5,io_debug
io_debug_rb_inst_7_bits_vecWrites_6_valid,output,1,io_debug
io_debug_rb_inst_7_bits_vecWrites_6_bits_data,output,128,io_debug
io_debug_rb_inst_7_bits_vecWrites_6_bits_idx,output,5,io_debug
io_debug_rb_inst_7_bits_vecWrites_7_valid,output,1,io_debug
io_debug_rb_inst_7_bits_vecWrites_7_bits_data,output,128,io_debug
io_debug_rb_inst_7_bits_vecWrites_7_bits_idx,output,5,io_debug
io_debug_rb_inst_7_bits_trap,output,1,io_debug
io_dm_req_ready,output,1,io_dm
io_dm_req_valid,input,1,io_dm
io_dm_req_bits_address,input,32,io_dm
io_dm_req_bits_data,input,32,io_dm
io_dm_req_bits_op,input,2,io_dm
io_dm_rsp_ready,input,1,io_dm
io_dm_rsp_valid,output,1,io_dm
io_dm_rsp_bits_data,output,32,io_dm
io_dm_rsp_bits_op,output,2,io_dm
io_te,input,1,io_te
