model,weights,kv,budget,batch,weight_bytes,kv_bytes_per_token,max_length
GPT-2,bf16,bf16,256 MB,1,248879616,36864,530
GPT-2,bf16,bf16,256 MB,4,248879616,36864,132
GPT-2,bf16,bf16,256 MB,16,248879616,36864,33
GPT-2,bf16,bf16,256 MB,64,248879616,36864,8
GPT-2,bf16,bf16,512 MB,1,248879616,36864,1024
GPT-2,bf16,bf16,512 MB,4,248879616,36864,1024
GPT-2,bf16,bf16,512 MB,16,248879616,36864,488
GPT-2,bf16,bf16,512 MB,64,248879616,36864,122
GPT-2,bf16,bf16,1 GB,1,248879616,36864,1024
GPT-2,bf16,bf16,1 GB,4,248879616,36864,1024
GPT-2,bf16,bf16,1 GB,16,248879616,36864,1024
GPT-2,bf16,bf16,1 GB,64,248879616,36864,349
GPT-2,bf16,bf16,2 GB,1,248879616,36864,1024
GPT-2,bf16,bf16,2 GB,4,248879616,36864,1024
GPT-2,bf16,bf16,2 GB,16,248879616,36864,1024
GPT-2,bf16,bf16,2 GB,64,248879616,36864,804
GPT-2,bf16,bf16,4 GB,1,248879616,36864,1024
GPT-2,bf16,bf16,4 GB,4,248879616,36864,1024
GPT-2,bf16,bf16,4 GB,16,248879616,36864,1024
GPT-2,bf16,bf16,4 GB,64,248879616,36864,1024
GPT-2,bf16,bf16,8 GB,1,248879616,36864,1024
GPT-2,bf16,bf16,8 GB,4,248879616,36864,1024
GPT-2,bf16,bf16,8 GB,16,248879616,36864,1024
GPT-2,bf16,bf16,8 GB,64,248879616,36864,1024
GPT-2,bf16,int8,256 MB,1,248879616,19008,1024
GPT-2,bf16,int8,256 MB,4,248879616,19008,257
GPT-2,bf16,int8,256 MB,16,248879616,19008,64
GPT-2,bf16,int8,256 MB,64,248879616,19008,16
GPT-2,bf16,int8,512 MB,1,248879616,19008,1024
GPT-2,bf16,int8,512 MB,4,248879616,19008,1024
GPT-2,bf16,int8,512 MB,16,248879616,19008,946
GPT-2,bf16,int8,512 MB,64,248879616,19008,236
GPT-2,bf16,int8,1 GB,1,248879616,19008,1024
GPT-2,bf16,int8,1 GB,4,248879616,19008,1024
GPT-2,bf16,int8,1 GB,16,248879616,19008,1024
GPT-2,bf16,int8,1 GB,64,248879616,19008,678
GPT-2,bf16,int8,2 GB,1,248879616,19008,1024
GPT-2,bf16,int8,2 GB,4,248879616,19008,1024
GPT-2,bf16,int8,2 GB,16,248879616,19008,1024
GPT-2,bf16,int8,2 GB,64,248879616,19008,1024
GPT-2,bf16,int8,4 GB,1,248879616,19008,1024
GPT-2,bf16,int8,4 GB,4,248879616,19008,1024
GPT-2,bf16,int8,4 GB,16,248879616,19008,1024
GPT-2,bf16,int8,4 GB,64,248879616,19008,1024
GPT-2,bf16,int8,8 GB,1,248879616,19008,1024
GPT-2,bf16,int8,8 GB,4,248879616,19008,1024
GPT-2,bf16,int8,8 GB,16,248879616,19008,1024
GPT-2,bf16,int8,8 GB,64,248879616,19008,1024
GPT-2,bf16,int4,256 MB,1,248879616,9792,1024
GPT-2,bf16,int4,256 MB,4,248879616,9792,499
GPT-2,bf16,int4,256 MB,16,248879616,9792,124
GPT-2,bf16,int4,256 MB,64,248879616,9792,31
GPT-2,bf16,int4,512 MB,1,248879616,9792,1024
GPT-2,bf16,int4,512 MB,4,248879616,9792,1024
GPT-2,bf16,int4,512 MB,16,248879616,9792,1024
GPT-2,bf16,int4,512 MB,64,248879616,9792,459
GPT-2,bf16,int4,1 GB,1,248879616,9792,1024
GPT-2,bf16,int4,1 GB,4,248879616,9792,1024
GPT-2,bf16,int4,1 GB,16,248879616,9792,1024
GPT-2,bf16,int4,1 GB,64,248879616,9792,1024
GPT-2,bf16,int4,2 GB,1,248879616,9792,1024
GPT-2,bf16,int4,2 GB,4,248879616,9792,1024
GPT-2,bf16,int4,2 GB,16,248879616,9792,1024
GPT-2,bf16,int4,2 GB,64,248879616,9792,1024
GPT-2,bf16,int4,4 GB,1,248879616,9792,1024
GPT-2,bf16,int4,4 GB,4,248879616,9792,1024
GPT-2,bf16,int4,4 GB,16,248879616,9792,1024
GPT-2,bf16,int4,4 GB,64,248879616,9792,1024
GPT-2,bf16,int4,8 GB,1,248879616,9792,1024
GPT-2,bf16,int4,8 GB,4,248879616,9792,1024
GPT-2,bf16,int4,8 GB,16,248879616,9792,1024
GPT-2,bf16,int4,8 GB,64,248879616,9792,1024
GPT-2,int8,bf16,256 MB,1,164110848,36864,1024
GPT-2,int8,bf16,256 MB,4,164110848,36864,707
GPT-2,int8,bf16,256 MB,16,164110848,36864,176
GPT-2,int8,bf16,256 MB,64,164110848,36864,44
GPT-2,int8,bf16,512 MB,1,164110848,36864,1024
GPT-2,int8,bf16,512 MB,4,164110848,36864,1024
GPT-2,int8,bf16,512 MB,16,164110848,36864,631
GPT-2,int8,bf16,512 MB,64,164110848,36864,157
GPT-2,int8,bf16,1 GB,1,164110848,36864,1024
GPT-2,int8,bf16,1 GB,4,164110848,36864,1024
GPT-2,int8,bf16,1 GB,16,164110848,36864,1024
GPT-2,int8,bf16,1 GB,64,164110848,36864,385
GPT-2,int8,bf16,2 GB,1,164110848,36864,1024
GPT-2,int8,bf16,2 GB,4,164110848,36864,1024
GPT-2,int8,bf16,2 GB,16,164110848,36864,1024
GPT-2,int8,bf16,2 GB,64,164110848,36864,840
GPT-2,int8,bf16,4 GB,1,164110848,36864,1024
GPT-2,int8,bf16,4 GB,4,164110848,36864,1024
GPT-2,int8,bf16,4 GB,16,164110848,36864,1024
GPT-2,int8,bf16,4 GB,64,164110848,36864,1024
GPT-2,int8,bf16,8 GB,1,164110848,36864,1024
GPT-2,int8,bf16,8 GB,4,164110848,36864,1024
GPT-2,int8,bf16,8 GB,16,164110848,36864,1024
GPT-2,int8,bf16,8 GB,64,164110848,36864,1024
GPT-2,int8,int8,256 MB,1,164110848,19008,1024
GPT-2,int8,int8,256 MB,4,164110848,19008,1024
GPT-2,int8,int8,256 MB,16,164110848,19008,343
GPT-2,int8,int8,256 MB,64,164110848,19008,85
GPT-2,int8,int8,512 MB,1,164110848,19008,1024
GPT-2,int8,int8,512 MB,4,164110848,19008,1024
GPT-2,int8,int8,512 MB,16,164110848,19008,1024
GPT-2,int8,int8,512 MB,64,164110848,19008,306
GPT-2,int8,int8,1 GB,1,164110848,19008,1024
GPT-2,int8,int8,1 GB,4,164110848,19008,1024
GPT-2,int8,int8,1 GB,16,164110848,19008,1024
GPT-2,int8,int8,1 GB,64,164110848,19008,747
GPT-2,int8,int8,2 GB,1,164110848,19008,1024
GPT-2,int8,int8,2 GB,4,164110848,19008,1024
GPT-2,int8,int8,2 GB,16,164110848,19008,1024
GPT-2,int8,int8,2 GB,64,164110848,19008,1024
GPT-2,int8,int8,4 GB,1,164110848,19008,1024
GPT-2,int8,int8,4 GB,4,164110848,19008,1024
GPT-2,int8,int8,4 GB,16,164110848,19008,1024
GPT-2,int8,int8,4 GB,64,164110848,19008,1024
GPT-2,int8,int8,8 GB,1,164110848,19008,1024
GPT-2,int8,int8,8 GB,4,164110848,19008,1024
GPT-2,int8,int8,8 GB,16,164110848,19008,1024
GPT-2,int8,int8,8 GB,64,164110848,19008,1024
GPT-2,int8,int4,256 MB,1,164110848,9792,1024
GPT-2,int8,int4,256 MB,4,164110848,9792,1024
GPT-2,int8,int4,256 MB,16,164110848,9792,665
GPT-2,int8,int4,256 MB,64,164110848,9792,166
GPT-2,int8,int4,512 MB,1,164110848,9792,1024
GPT-2,int8,int4,512 MB,4,164110848,9792,1024
GPT-2,int8,int4,512 MB,16,164110848,9792,1024
GPT-2,int8,int4,512 MB,64,164110848,9792,594
GPT-2,int8,int4,1 GB,1,164110848,9792,1024
GPT-2,int8,int4,1 GB,4,164110848,9792,1024
GPT-2,int8,int4,1 GB,16,164110848,9792,1024
GPT-2,int8,int4,1 GB,64,164110848,9792,1024
GPT-2,int8,int4,2 GB,1,164110848,9792,1024
GPT-2,int8,int4,2 GB,4,164110848,9792,1024
GPT-2,int8,int4,2 GB,16,164110848,9792,1024
GPT-2,int8,int4,2 GB,64,164110848,9792,1024
GPT-2,int8,int4,4 GB,1,164110848,9792,1024
GPT-2,int8,int4,4 GB,4,164110848,9792,1024
GPT-2,int8,int4,4 GB,16,164110848,9792,1024
GPT-2,int8,int4,4 GB,64,164110848,9792,1024
GPT-2,int8,int4,8 GB,1,164110848,9792,1024
GPT-2,int8,int4,8 GB,4,164110848,9792,1024
GPT-2,int8,int4,8 GB,16,164110848,9792,1024
GPT-2,int8,int4,8 GB,64,164110848,9792,1024
GPT-2,int4,bf16,256 MB,1,122804736,36864,1024
GPT-2,int4,bf16,256 MB,4,122804736,36864,987
GPT-2,int4,bf16,256 MB,16,122804736,36864,246
GPT-2,int4,bf16,256 MB,64,122804736,36864,61
GPT-2,int4,bf16,512 MB,1,122804736,36864,1024
GPT-2,int4,bf16,512 MB,4,122804736,36864,1024
GPT-2,int4,bf16,512 MB,16,122804736,36864,702
GPT-2,int4,bf16,512 MB,64,122804736,36864,175
GPT-2,int4,bf16,1 GB,1,122804736,36864,1024
GPT-2,int4,bf16,1 GB,4,122804736,36864,1024
GPT-2,int4,bf16,1 GB,16,122804736,36864,1024
GPT-2,int4,bf16,1 GB,64,122804736,36864,403
GPT-2,int4,bf16,2 GB,1,122804736,36864,1024
GPT-2,int4,bf16,2 GB,4,122804736,36864,1024
GPT-2,int4,bf16,2 GB,16,122804736,36864,1024
GPT-2,int4,bf16,2 GB,64,122804736,36864,858
GPT-2,int4,bf16,4 GB,1,122804736,36864,1024
GPT-2,int4,bf16,4 GB,4,122804736,36864,1024
GPT-2,int4,bf16,4 GB,16,122804736,36864,1024
GPT-2,int4,bf16,4 GB,64,122804736,36864,1024
GPT-2,int4,bf16,8 GB,1,122804736,36864,1024
GPT-2,int4,bf16,8 GB,4,122804736,36864,1024
GPT-2,int4,bf16,8 GB,16,122804736,36864,1024
GPT-2,int4,bf16,8 GB,64,122804736,36864,1024
GPT-2,int4,int8,256 MB,1,122804736,19008,1024
GPT-2,int4,int8,256 MB,4,122804736,19008,1024
GPT-2,int4,int8,256 MB,16,122804736,19008,478
GPT-2,int4,int8,256 MB,64,122804736,19008,119
GPT-2,int4,int8,512 MB,1,122804736,19008,1024
GPT-2,int4,int8,512 MB,4,122804736,19008,1024
GPT-2,int4,int8,512 MB,16,122804736,19008,1024
GPT-2,int4,int8,512 MB,64,122804736,19008,340
GPT-2,int4,int8,1 GB,1,122804736,19008,1024
GPT-2,int4,int8,1 GB,4,122804736,19008,1024
GPT-2,int4,int8,1 GB,16,122804736,19008,1024
GPT-2,int4,int8,1 GB,64,122804736,19008,781
GPT-2,int4,int8,2 GB,1,122804736,19008,1024
GPT-2,int4,int8,2 GB,4,122804736,19008,1024
GPT-2,int4,int8,2 GB,16,122804736,19008,1024
GPT-2,int4,int8,2 GB,64,122804736,19008,1024
GPT-2,int4,int8,4 GB,1,122804736,19008,1024
GPT-2,int4,int8,4 GB,4,122804736,19008,1024
GPT-2,int4,int8,4 GB,16,122804736,19008,1024
GPT-2,int4,int8,4 GB,64,122804736,19008,1024
GPT-2,int4,int8,8 GB,1,122804736,19008,1024
GPT-2,int4,int8,8 GB,4,122804736,19008,1024
GPT-2,int4,int8,8 GB,16,122804736,19008,1024
GPT-2,int4,int8,8 GB,64,122804736,19008,1024
GPT-2,int4,int4,256 MB,1,122804736,9792,1024
GPT-2,int4,int4,256 MB,4,122804736,9792,1024
GPT-2,int4,int4,256 MB,16,122804736,9792,929
GPT-2,int4,int4,256 MB,64,122804736,9792,232
GPT-2,int4,int4,512 MB,1,122804736,9792,1024
GPT-2,int4,int4,512 MB,4,122804736,9792,1024
GPT-2,int4,int4,512 MB,16,122804736,9792,1024
GPT-2,int4,int4,512 MB,64,122804736,9792,660
GPT-2,int4,int4,1 GB,1,122804736,9792,1024
GPT-2,int4,int4,1 GB,4,122804736,9792,1024
GPT-2,int4,int4,1 GB,16,122804736,9792,1024
GPT-2,int4,int4,1 GB,64,122804736,9792,1024
GPT-2,int4,int4,2 GB,1,122804736,9792,1024
GPT-2,int4,int4,2 GB,4,122804736,9792,1024
GPT-2,int4,int4,2 GB,16,122804736,9792,1024
GPT-2,int4,int4,2 GB,64,122804736,9792,1024
GPT-2,int4,int4,4 GB,1,122804736,9792,1024
GPT-2,int4,int4,4 GB,4,122804736,9792,1024
GPT-2,int4,int4,4 GB,16,122804736,9792,1024
GPT-2,int4,int4,4 GB,64,122804736,9792,1024
GPT-2,int4,int4,8 GB,1,122804736,9792,1024
GPT-2,int4,int4,8 GB,4,122804736,9792,1024
GPT-2,int4,int4,8 GB,16,122804736,9792,1024
GPT-2,int4,int4,8 GB,64,122804736,9792,1024
SmolLM2-135M,bf16,bf16,256 MB,1,269030016,23040,0
SmolLM2-135M,bf16,bf16,256 MB,4,269030016,23040,0
SmolLM2-135M,bf16,bf16,256 MB,16,269030016,23040,0
SmolLM2-135M,bf16,bf16,256 MB,64,269030016,23040,0
SmolLM2-135M,bf16,bf16,512 MB,1,269030016,23040,8192
SmolLM2-135M,bf16,bf16,512 MB,4,269030016,23040,2906
SmolLM2-135M,bf16,bf16,512 MB,16,269030016,23040,726
SmolLM2-135M,bf16,bf16,512 MB,64,269030016,23040,181
SmolLM2-135M,bf16,bf16,1 GB,1,269030016,23040,8192
SmolLM2-135M,bf16,bf16,1 GB,4,269030016,23040,8192
SmolLM2-135M,bf16,bf16,1 GB,16,269030016,23040,2182
SmolLM2-135M,bf16,bf16,1 GB,64,269030016,23040,545
SmolLM2-135M,bf16,bf16,2 GB,1,269030016,23040,8192
SmolLM2-135M,bf16,bf16,2 GB,4,269030016,23040,8192
SmolLM2-135M,bf16,bf16,2 GB,16,269030016,23040,5095
SmolLM2-135M,bf16,bf16,2 GB,64,269030016,23040,1273
SmolLM2-135M,bf16,bf16,4 GB,1,269030016,23040,8192
SmolLM2-135M,bf16,bf16,4 GB,4,269030016,23040,8192
SmolLM2-135M,bf16,bf16,4 GB,16,269030016,23040,8192
SmolLM2-135M,bf16,bf16,4 GB,64,269030016,23040,2730
SmolLM2-135M,bf16,bf16,8 GB,1,269030016,23040,8192
SmolLM2-135M,bf16,bf16,8 GB,4,269030016,23040,8192
SmolLM2-135M,bf16,bf16,8 GB,16,269030016,23040,8192
SmolLM2-135M,bf16,bf16,8 GB,64,269030016,23040,5642
SmolLM2-135M,bf16,int8,256 MB,1,269030016,11880,0
SmolLM2-135M,bf16,int8,256 MB,4,269030016,11880,0
SmolLM2-135M,bf16,int8,256 MB,16,269030016,11880,0
SmolLM2-135M,bf16,int8,256 MB,64,269030016,11880,0
SmolLM2-135M,bf16,int8,512 MB,1,269030016,11880,8192
SmolLM2-135M,bf16,int8,512 MB,4,269030016,11880,5636
SmolLM2-135M,bf16,int8,512 MB,16,269030016,11880,1409
SmolLM2-135M,bf16,int8,512 MB,64,269030016,11880,352
SmolLM2-135M,bf16,int8,1 GB,1,269030016,11880,8192
SmolLM2-135M,bf16,int8,1 GB,4,269030016,11880,8192
SmolLM2-135M,bf16,int8,1 GB,16,269030016,11880,4233
SmolLM2-135M,bf16,int8,1 GB,64,269030016,11880,1058
SmolLM2-135M,bf16,int8,2 GB,1,269030016,11880,8192
SmolLM2-135M,bf16,int8,2 GB,4,269030016,11880,8192
SmolLM2-135M,bf16,int8,2 GB,16,269030016,11880,8192
SmolLM2-135M,bf16,int8,2 GB,64,269030016,11880,2470
SmolLM2-135M,bf16,int8,4 GB,1,269030016,11880,8192
SmolLM2-135M,bf16,int8,4 GB,4,269030016,11880,8192
SmolLM2-135M,bf16,int8,4 GB,16,269030016,11880,8192
SmolLM2-135M,bf16,int8,4 GB,64,269030016,11880,5295
SmolLM2-135M,bf16,int8,8 GB,1,269030016,11880,8192
SmolLM2-135M,bf16,int8,8 GB,4,269030016,11880,8192
SmolLM2-135M,bf16,int8,8 GB,16,269030016,11880,8192
SmolLM2-135M,bf16,int8,8 GB,64,269030016,11880,8192
SmolLM2-135M,bf16,int4,256 MB,1,269030016,6120,0
SmolLM2-135M,bf16,int4,256 MB,4,269030016,6120,0
SmolLM2-135M,bf16,int4,256 MB,16,269030016,6120,0
SmolLM2-135M,bf16,int4,256 MB,64,269030016,6120,0
SmolLM2-135M,bf16,int4,512 MB,1,269030016,6120,8192
SmolLM2-135M,bf16,int4,512 MB,4,269030016,6120,8192
SmolLM2-135M,bf16,int4,512 MB,16,269030016,6120,2735
SmolLM2-135M,bf16,int4,512 MB,64,269030016,6120,683
SmolLM2-135M,bf16,int4,1 GB,1,269030016,6120,8192
SmolLM2-135M,bf16,int4,1 GB,4,269030016,6120,8192
SmolLM2-135M,bf16,int4,1 GB,16,269030016,6120,8192
SmolLM2-135M,bf16,int4,1 GB,64,269030016,6120,2054
SmolLM2-135M,bf16,int4,2 GB,1,269030016,6120,8192
SmolLM2-135M,bf16,int4,2 GB,4,269030016,6120,8192
SmolLM2-135M,bf16,int4,2 GB,16,269030016,6120,8192
SmolLM2-135M,bf16,int4,2 GB,64,269030016,6120,4795
SmolLM2-135M,bf16,int4,4 GB,1,269030016,6120,8192
SmolLM2-135M,bf16,int4,4 GB,4,269030016,6120,8192
SmolLM2-135M,bf16,int4,4 GB,16,269030016,6120,8192
SmolLM2-135M,bf16,int4,4 GB,64,269030016,6120,8192
SmolLM2-135M,bf16,int4,8 GB,1,269030016,6120,8192
SmolLM2-135M,bf16,int4,8 GB,4,269030016,6120,8192
SmolLM2-135M,bf16,int4,8 GB,16,269030016,6120,8192
SmolLM2-135M,bf16,int4,8 GB,64,269030016,6120,8192
SmolLM2-135M,int8,bf16,256 MB,1,163172736,23040,4568
SmolLM2-135M,int8,bf16,256 MB,4,163172736,23040,1142
SmolLM2-135M,int8,bf16,256 MB,16,163172736,23040,285
SmolLM2-135M,int8,bf16,256 MB,64,163172736,23040,71
SmolLM2-135M,int8,bf16,512 MB,1,163172736,23040,8192
SmolLM2-135M,int8,bf16,512 MB,4,163172736,23040,4054
SmolLM2-135M,int8,bf16,512 MB,16,163172736,23040,1013
SmolLM2-135M,int8,bf16,512 MB,64,163172736,23040,253
SmolLM2-135M,int8,bf16,1 GB,1,163172736,23040,8192
SmolLM2-135M,int8,bf16,1 GB,4,163172736,23040,8192
SmolLM2-135M,int8,bf16,1 GB,16,163172736,23040,2470
SmolLM2-135M,int8,bf16,1 GB,64,163172736,23040,617
SmolLM2-135M,int8,bf16,2 GB,1,163172736,23040,8192
SmolLM2-135M,int8,bf16,2 GB,4,163172736,23040,8192
SmolLM2-135M,int8,bf16,2 GB,16,163172736,23040,5382
SmolLM2-135M,int8,bf16,2 GB,64,163172736,23040,1345
SmolLM2-135M,int8,bf16,4 GB,1,163172736,23040,8192
SmolLM2-135M,int8,bf16,4 GB,4,163172736,23040,8192
SmolLM2-135M,int8,bf16,4 GB,16,163172736,23040,8192
SmolLM2-135M,int8,bf16,4 GB,64,163172736,23040,2802
SmolLM2-135M,int8,bf16,8 GB,1,163172736,23040,8192
SmolLM2-135M,int8,bf16,8 GB,4,163172736,23040,8192
SmolLM2-135M,int8,bf16,8 GB,16,163172736,23040,8192
SmolLM2-135M,int8,bf16,8 GB,64,163172736,23040,5714
SmolLM2-135M,int8,int8,256 MB,1,163172736,11880,8192
SmolLM2-135M,int8,int8,256 MB,4,163172736,11880,2215
SmolLM2-135M,int8,int8,256 MB,16,163172736,11880,553
SmolLM2-135M,int8,int8,256 MB,64,163172736,11880,138
SmolLM2-135M,int8,int8,512 MB,1,163172736,11880,8192
SmolLM2-135M,int8,int8,512 MB,4,163172736,11880,7864
SmolLM2-135M,int8,int8,512 MB,16,163172736,11880,1966
SmolLM2-135M,int8,int8,512 MB,64,163172736,11880,491
SmolLM2-135M,int8,int8,1 GB,1,163172736,11880,8192
SmolLM2-135M,int8,int8,1 GB,4,163172736,11880,8192
SmolLM2-135M,int8,int8,1 GB,16,163172736,11880,4790
SmolLM2-135M,int8,int8,1 GB,64,163172736,11880,1197
SmolLM2-135M,int8,int8,2 GB,1,163172736,11880,8192
SmolLM2-135M,int8,int8,2 GB,4,163172736,11880,8192
SmolLM2-135M,int8,int8,2 GB,16,163172736,11880,8192
SmolLM2-135M,int8,int8,2 GB,64,163172736,11880,2609
SmolLM2-135M,int8,int8,4 GB,1,163172736,11880,8192
SmolLM2-135M,int8,int8,4 GB,4,163172736,11880,8192
SmolLM2-135M,int8,int8,4 GB,16,163172736,11880,8192
SmolLM2-135M,int8,int8,4 GB,64,163172736,11880,5434
SmolLM2-135M,int8,int8,8 GB,1,163172736,11880,8192
SmolLM2-135M,int8,int8,8 GB,4,163172736,11880,8192
SmolLM2-135M,int8,int8,8 GB,16,163172736,11880,8192
SmolLM2-135M,int8,int8,8 GB,64,163172736,11880,8192
SmolLM2-135M,int8,int4,256 MB,1,163172736,6120,8192
SmolLM2-135M,int8,int4,256 MB,4,163172736,6120,4299
SmolLM2-135M,int8,int4,256 MB,16,163172736,6120,1074
SmolLM2-135M,int8,int4,256 MB,64,163172736,6120,268
SmolLM2-135M,int8,int4,512 MB,1,163172736,6120,8192
SmolLM2-135M,int8,int4,512 MB,4,163172736,6120,8192
SmolLM2-135M,int8,int4,512 MB,16,163172736,6120,3816
SmolLM2-135M,int8,int4,512 MB,64,163172736,6120,954
SmolLM2-135M,int8,int4,1 GB,1,163172736,6120,8192
SmolLM2-135M,int8,int4,1 GB,4,163172736,6120,8192
SmolLM2-135M,int8,int4,1 GB,16,163172736,6120,8192
SmolLM2-135M,int8,int4,1 GB,64,163172736,6120,2324
SmolLM2-135M,int8,int4,2 GB,1,163172736,6120,8192
SmolLM2-135M,int8,int4,2 GB,4,163172736,6120,8192
SmolLM2-135M,int8,int4,2 GB,16,163172736,6120,8192
SmolLM2-135M,int8,int4,2 GB,64,163172736,6120,5066
SmolLM2-135M,int8,int4,4 GB,1,163172736,6120,8192
SmolLM2-135M,int8,int4,4 GB,4,163172736,6120,8192
SmolLM2-135M,int8,int4,4 GB,16,163172736,6120,8192
SmolLM2-135M,int8,int4,4 GB,64,163172736,6120,8192
SmolLM2-135M,int8,int4,8 GB,1,163172736,6120,8192
SmolLM2-135M,int8,int4,8 GB,4,163172736,6120,8192
SmolLM2-135M,int8,int4,8 GB,16,163172736,6120,8192
SmolLM2-135M,int8,int4,8 GB,64,163172736,6120,8192
SmolLM2-135M,int4,bf16,256 MB,1,111574656,23040,6808
SmolLM2-135M,int4,bf16,256 MB,4,111574656,23040,1702
SmolLM2-135M,int4,bf16,256 MB,16,111574656,23040,425
SmolLM2-135M,int4,bf16,256 MB,64,111574656,23040,106
SmolLM2-135M,int4,bf16,512 MB,1,111574656,23040,8192
SmolLM2-135M,int4,bf16,512 MB,4,111574656,23040,4614
SmolLM2-135M,int4,bf16,512 MB,16,111574656,23040,1153
SmolLM2-135M,int4,bf16,512 MB,64,111574656,23040,288
SmolLM2-135M,int4,bf16,1 GB,1,111574656,23040,8192
SmolLM2-135M,int4,bf16,1 GB,4,111574656,23040,8192
SmolLM2-135M,int4,bf16,1 GB,16,111574656,23040,2610
SmolLM2-135M,int4,bf16,1 GB,64,111574656,23040,652
SmolLM2-135M,int4,bf16,2 GB,1,111574656,23040,8192
SmolLM2-135M,int4,bf16,2 GB,4,111574656,23040,8192
SmolLM2-135M,int4,bf16,2 GB,16,111574656,23040,5522
SmolLM2-135M,int4,bf16,2 GB,64,111574656,23040,1380
SmolLM2-135M,int4,bf16,4 GB,1,111574656,23040,8192
SmolLM2-135M,int4,bf16,4 GB,4,111574656,23040,8192
SmolLM2-135M,int4,bf16,4 GB,16,111574656,23040,8192
SmolLM2-135M,int4,bf16,4 GB,64,111574656,23040,2837
SmolLM2-135M,int4,bf16,8 GB,1,111574656,23040,8192
SmolLM2-135M,int4,bf16,8 GB,4,111574656,23040,8192
SmolLM2-135M,int4,bf16,8 GB,16,111574656,23040,8192
SmolLM2-135M,int4,bf16,8 GB,64,111574656,23040,5749
SmolLM2-135M,int4,int8,256 MB,1,111574656,11880,8192
SmolLM2-135M,int4,int8,256 MB,4,111574656,11880,3300
SmolLM2-135M,int4,int8,256 MB,16,111574656,11880,825
SmolLM2-135M,int4,int8,256 MB,64,111574656,11880,206
SmolLM2-135M,int4,int8,512 MB,1,111574656,11880,8192
SmolLM2-135M,int4,int8,512 MB,4,111574656,11880,8192
SmolLM2-135M,int4,int8,512 MB,16,111574656,11880,2237
SmolLM2-135M,int4,int8,512 MB,64,111574656,11880,559
SmolLM2-135M,int4,int8,1 GB,1,111574656,11880,8192
SmolLM2-135M,int4,int8,1 GB,4,111574656,11880,8192
SmolLM2-135M,int4,int8,1 GB,16,111574656,11880,5061
SmolLM2-135M,int4,int8,1 GB,64,111574656,11880,1265
SmolLM2-135M,int4,int8,2 GB,1,111574656,11880,8192
SmolLM2-135M,int4,int8,2 GB,4,111574656,11880,8192
SmolLM2-135M,int4,int8,2 GB,16,111574656,11880,8192
SmolLM2-135M,int4,int8,2 GB,64,111574656,11880,2677
SmolLM2-135M,int4,int8,4 GB,1,111574656,11880,8192
SmolLM2-135M,int4,int8,4 GB,4,111574656,11880,8192
SmolLM2-135M,int4,int8,4 GB,16,111574656,11880,8192
SmolLM2-135M,int4,int8,4 GB,64,111574656,11880,5502
SmolLM2-135M,int4,int8,8 GB,1,111574656,11880,8192
SmolLM2-135M,int4,int8,8 GB,4,111574656,11880,8192
SmolLM2-135M,int4,int8,8 GB,16,111574656,11880,8192
SmolLM2-135M,int4,int8,8 GB,64,111574656,11880,8192
SmolLM2-135M,int4,int4,256 MB,1,111574656,6120,8192
SmolLM2-135M,int4,int4,256 MB,4,111574656,6120,6407
SmolLM2-135M,int4,int4,256 MB,16,111574656,6120,1601
SmolLM2-135M,int4,int4,256 MB,64,111574656,6120,400
SmolLM2-135M,int4,int4,512 MB,1,111574656,6120,8192
SmolLM2-135M,int4,int4,512 MB,4,111574656,6120,8192
SmolLM2-135M,int4,int4,512 MB,16,111574656,6120,4343
SmolLM2-135M,int4,int4,512 MB,64,111574656,6120,1085
SmolLM2-135M,int4,int4,1 GB,1,111574656,6120,8192
SmolLM2-135M,int4,int4,1 GB,4,111574656,6120,8192
SmolLM2-135M,int4,int4,1 GB,16,111574656,6120,8192
SmolLM2-135M,int4,int4,1 GB,64,111574656,6120,2456
SmolLM2-135M,int4,int4,2 GB,1,111574656,6120,8192
SmolLM2-135M,int4,int4,2 GB,4,111574656,6120,8192
SmolLM2-135M,int4,int4,2 GB,16,111574656,6120,8192
SmolLM2-135M,int4,int4,2 GB,64,111574656,6120,5197
SmolLM2-135M,int4,int4,4 GB,1,111574656,6120,8192
SmolLM2-135M,int4,int4,4 GB,4,111574656,6120,8192
SmolLM2-135M,int4,int4,4 GB,16,111574656,6120,8192
SmolLM2-135M,int4,int4,4 GB,64,111574656,6120,8192
SmolLM2-135M,int4,int4,8 GB,1,111574656,6120,8192
SmolLM2-135M,int4,int4,8 GB,4,111574656,6120,8192
SmolLM2-135M,int4,int4,8 GB,16,111574656,6120,8192
SmolLM2-135M,int4,int4,8 GB,64,111574656,6120,8192
